{"type":"FeatureCollection","features":[{"type":"Feature","properties":{"code":"01","nom":"Ain"},"geometry":{"type":"Polygon","coordinates":[[[4.78021,46.17668],[4.89182,46.43991],[4.94237,46.51302],[4.95454,46.51269],[4.95006,46.50081],[5.01059,46.51107],[5.059,46.48454],[5.16625,46.50312],[5.16676,46.51405],[5.19999,46.5075],[5.23312,46.46129],[5.3149,46.44513],[5.30699,46.41477],[5.37147,46.3829],[5.37346,46.35224],[5.39966,46.33942],[5.40397,46.31666],[5.41683,46.34526],[5.43783,46.3157],[5.4753,46.31539],[5.45911,46.28332],[5.47221,46.26734],[5.53699,46.26828],[5.5974,46.29717],[5.64314,46.34478],[5.64443,46.3248],[5.70869,46.30985],[5.72839,46.26118],[5.85307,46.26151],[5.9092,46.28394],[5.98354,46.36304],[6.06058,46.41751],[6.16512,46.37269],[6.10237,46.28485],[6.121,46.24829],[5.97178,46.21152],[5.99529,46.18299],[5.98852,46.17085],[5.95845,46.13382],[5.88929,46.11408],[5.88745,46.08582],[5.82432,46.10364],[5.80762,46.06393],[5.81018,45.99226],[5.83502,45.95111],[5.78564,45.8211],[5.77616,45.72922],[5.74876,45.7053],[5.70835,45.71057],[5.68919,45.6485],[5.63402,45.61251],[5.548,45.68408],[5.54543,45.695],[5.57402,45.68644],[5.57117,45.69688],[5.42811,45.80356],[5.41478,45.85064],[5.35383,45.88327],[5.30202,45.84765],[5.27274,45.79404],[5.22666,45.76948],[5.19153,45.77169],[5.18028,45.79061],[5.12554,45.81106],[5.11445,45.79914],[5.10372,45.81367],[4.91834,45.80703],[4.90837,45.86872],[4.8807,45.89717],[4.84912,45.91286],[4.80518,45.89633],[4.81029,45.91674],[4.7291,45.94909],[4.75299,45.96861],[4.74064,46.04296],[4.76023,46.07247],[4.74842,46.09212],[4.80255,46.15207],[4.78021,46.17668]]]}},{"type":"Feature","properties":{"code":"02","nom":"Aisne"},"geometry":{"type":"Polygon","coordinates":[[[3.17296,50.01131],[3.23069,50.03249],[3.28591,50.0138],[3.33711,50.0171],[3.36349,50.03674],[3.49066,50.01889],[3.54136,50.05521],[3.62035,50.02826],[3.70971,50.066],[3.8681,50.0381],[3.88743,50.00955],[3.98231,50.04443],[3.9955,50.02768],[3.9808,49.99358],[4.08713,49.96919],[4.17509,49.97622],[4.19486,49.95679],[4.23316,49.95775],[4.2176,49.91268],[4.25354,49.90396],[4.24955,49.86241],[4.21427,49.80611],[4.22236,49.78722],[4.20756,49.78109],[4.24488,49.75908],[4.22424,49.72762],[4.12618,49.67318],[4.11495,49.6348],[4.04447,49.63839],[4.02529,49.62253],[4.07657,49.57113],[4.05037,49.5515],[4.07675,49.53132],[4.04316,49.50833],[4.04135,49.47306],[4.06748,49.44677],[4.03962,49.43315],[4.0355,49.3599],[3.96131,49.37734],[3.92523,49.40758],[3.90088,49.39374],[3.82238,49.40238],[3.85985,49.38615],[3.85284,49.34497],[3.77753,49.35582],[3.64394,49.31272],[3.65541,49.26123],[3.67815,49.23533],[3.65148,49.22156],[3.656,49.21152],[3.70465,49.20066],[3.69663,49.19334],[3.72544,49.17352],[3.75115,49.1777],[3.74894,49.16078],[3.71116,49.14598],[3.62766,49.15132],[3.60964,49.13501],[3.60309,49.11467],[3.63905,49.08131],[3.60461,49.07023],[3.58761,49.03381],[3.65008,49.04282],[3.67897,49.0183],[3.63989,49.00409],[3.61708,48.96486],[3.59156,48.96037],[3.60163,48.95348],[3.57075,48.91492],[3.52189,48.9054],[3.46266,48.8398],[3.43966,48.86053],[3.40421,48.86398],[3.40586,48.87588],[3.38143,48.87157],[3.37139,48.91861],[3.3303,48.90871],[3.30475,48.94876],[3.26396,48.94181],[3.25184,48.97237],[3.1659,49.02069],[3.18924,49.04596],[3.15358,49.08328],[3.16112,49.09149],[3.07799,49.11311],[3.09343,49.14206],[3.11123,49.13191],[3.10718,49.14498],[3.14808,49.16075],[3.10827,49.16637],[3.11659,49.18525],[3.10271,49.19726],[3.08483,49.17112],[3.09898,49.15488],[3.08133,49.167],[3.08747,49.18751],[3.05677,49.19665],[3.06546,49.20345],[2.99542,49.20907],[3.03813,49.17496],[3.02554,49.17039],[2.97351,49.18689],[2.96053,49.22253],[3.00339,49.23502],[3.0236,49.21655],[3.04191,49.23038],[3.02585,49.25993],[3.03615,49.2788],[2.98712,49.28794],[2.9957,49.29626],[2.97489,49.30249],[2.96844,49.32631],[3.06179,49.34047],[3.09431,49.38244],[3.09313,49.43262],[3.16006,49.43927],[3.16082,49.45087],[3.10446,49.47275],[3.12207,49.49097],[3.09578,49.5134],[3.12668,49.52911],[3.13524,49.57456],[3.09358,49.62255],[3.10841,49.63692],[3.09645,49.65064],[3.12771,49.66189],[3.12244,49.70156],[3.09627,49.76277],[3.06791,49.77454],[3.08179,49.81988],[3.05542,49.83227],[3.08047,49.84007],[3.07022,49.87304],[3.11808,49.88252],[3.13147,49.92908],[3.19873,49.98097],[3.15959,49.98969],[3.17296,50.01131]],[[2.99856,49.19307],[2.99668,49.19262],[2.99888,49.19111],[2.99856,49.19307]],[[3.04449,49.22949],[3.04336,49.22775],[3.04835,49.22753],[3.04449,49.22949]],[[2.99023,49.21067],[2.99949,49.21597],[2.98846,49.22211],[2.99023,49.21067]]]}},{"type":"Feature","properties":{"code":"03","nom":"Allier"},"geometry":{"type":"Polygon","coordinates":[[[3.03207,46.79491],[3.0618,46.74913],[3.13107,46.72629],[3.19545,46.68061],[3.27742,46.71662],[3.34344,46.68516],[3.36575,46.6896],[3.37855,46.71238],[3.42747,46.71216],[3.45272,46.68658],[3.44696,46.66077],[3.48183,46.65067],[3.5216,46.6858],[3.55354,46.68438],[3.54784,46.71877],[3.598,46.72398],[3.57569,46.74952],[3.59776,46.76203],[3.62942,46.74946],[3.63753,46.70838],[3.72399,46.62633],[3.71555,46.61569],[3.73238,46.60491],[3.74185,46.53951],[3.80513,46.51932],[3.83916,46.53129],[3.84035,46.51544],[3.86473,46.51102],[3.86491,46.48974],[3.95813,46.49059],[3.95208,46.48142],[3.99426,46.46754],[3.97995,46.39265],[3.98682,46.32768],[4.00178,46.32836],[3.94715,46.32154],[3.94279,46.29892],[3.89722,46.29246],[3.86909,46.26372],[3.77193,46.24237],[3.79664,46.20701],[3.79508,46.11614],[3.82153,46.08983],[3.80699,46.06127],[3.82221,45.99071],[3.77932,45.97228],[3.75603,45.98283],[3.74511,45.96718],[3.71146,45.97348],[3.69402,45.93073],[3.66974,45.96121],[3.63506,45.96242],[3.58924,46.02349],[3.46979,46.00951],[3.47149,46.04184],[3.42271,46.07111],[3.33887,46.04556],[3.21451,46.07494],[3.13352,46.06987],[3.10238,46.08148],[3.09208,46.11223],[3.01428,46.10291],[2.9624,46.13024],[2.95643,46.16339],[2.91327,46.17666],[2.91065,46.2052],[2.94112,46.22496],[2.92143,46.25031],[2.83791,46.2512],[2.81916,46.24179],[2.80876,46.19469],[2.72992,46.22014],[2.72018,46.18009],[2.68069,46.17388],[2.65496,46.12438],[2.59307,46.12845],[2.56287,46.14915],[2.55973,46.1717],[2.53295,46.18084],[2.51635,46.23237],[2.47188,46.2848],[2.41759,46.29204],[2.41696,46.31072],[2.38861,46.32976],[2.37152,46.31371],[2.30099,46.34223],[2.33439,46.36558],[2.33139,46.37872],[2.28479,46.38631],[2.28335,46.44928],[2.30007,46.47053],[2.32787,46.47377],[2.33887,46.50355],[2.48293,46.5327],[2.53665,46.5197],[2.61496,46.55328],[2.60029,46.5919],[2.57929,46.59748],[2.59421,46.63282],[2.57455,46.6612],[2.60543,46.67121],[2.62864,46.65954],[2.62337,46.68964],[2.67511,46.70345],[2.7145,46.74449],[2.76632,46.72056],[2.79509,46.73434],[2.84677,46.72706],[2.84382,46.7389],[2.91327,46.79103],[2.96772,46.80401],[3.03207,46.79491]]]}},{"type":"Feature","properties":{"code":"04","nom":"Alpes-de-Haute-Provence"},"geometry":{"type":"Polygon","coordinates":[[[5.67604,44.19143],[5.79172,44.21169],[5.91319,44.1979],[5.82832,44.26097],[5.82874,44.28421],[5.84395,44.29942],[5.86509,44.29544],[5.92183,44.24841],[5.91367,44.28969],[5.92525,44.30587],[5.90009,44.31426],[5.90325,44.33741],[5.96229,44.39938],[6.05491,44.44732],[6.07565,44.43845],[6.08376,44.47777],[6.15562,44.46196],[6.15983,44.43716],[6.23329,44.38339],[6.26098,44.41627],[6.23733,44.45668],[6.28602,44.4775],[6.33136,44.46963],[6.3472,44.49619],[6.33697,44.50605],[6.35731,44.52264],[6.41781,44.46892],[6.46519,44.45515],[6.62823,44.44715],[6.68193,44.53891],[6.73718,44.55254],[6.79941,44.60354],[6.84808,44.61133],[6.91796,44.65883],[6.94351,44.65353],[6.96234,44.62658],[6.93375,44.59686],[6.93351,44.57595],[6.85741,44.52259],[6.87591,44.48248],[6.93936,44.43385],[6.89287,44.42078],[6.89623,44.37252],[6.80892,44.33052],[6.78907,44.27999],[6.72996,44.25147],[6.69229,44.17336],[6.71148,44.1213],[6.74982,44.08661],[6.74711,44.04093],[6.83873,43.9897],[6.84784,43.9558],[6.94273,43.9031],[6.89259,43.88997],[6.82493,43.91689],[6.75315,43.8728],[6.67999,43.88626],[6.6982,43.86271],[6.66791,43.83061],[6.70472,43.82141],[6.69912,43.80724],[6.63596,43.78996],[6.59347,43.8048],[6.54568,43.7753],[6.52476,43.80637],[6.43439,43.79236],[6.38887,43.73866],[6.35117,43.73617],[6.24563,43.80239],[6.21241,43.7984],[6.16252,43.7481],[6.1297,43.73622],[6.10875,43.74574],[6.0704,43.70493],[6.03513,43.69407],[6.02914,43.67255],[5.9161,43.75392],[5.8782,43.7238],[5.78134,43.75566],[5.75733,43.72941],[5.65575,43.82277],[5.5746,43.83029],[5.55152,43.81755],[5.54884,43.84391],[5.60545,43.91071],[5.50766,43.9577],[5.54045,44.02124],[5.5441,44.06582],[5.49858,44.07168],[5.49879,44.11572],[5.57873,44.15208],[5.56437,44.1709],[5.58188,44.18874],[5.60933,44.19071],[5.63967,44.14949],[5.67794,44.14638],[5.68272,44.16322],[5.64722,44.17669],[5.67604,44.19143]]]}},{"type":"Feature","properties":{"code":"05","nom":"Hautes-Alpes"},"geometry":{"type":"Polygon","coordinates":[[[6.26057,45.12685],[6.28628,45.11016],[6.34305,45.1152],[6.37126,45.09085],[6.36507,45.07129],[6.44769,45.05272],[6.47902,45.05566],[6.48746,45.09653],[6.51042,45.109],[6.53427,45.09904],[6.57221,45.1196],[6.6181,45.11981],[6.65876,45.07194],[6.67158,45.0229],[6.74739,45.00775],[6.74126,44.99397],[6.76525,44.96197],[6.7508,44.90943],[6.86324,44.85061],[6.91316,44.84499],[6.92979,44.8616],[7.00677,44.83932],[7.01962,44.81311],[7.00594,44.78514],[7.03148,44.72821],[7.06602,44.71333],[7.0737,44.68025],[6.99036,44.69045],[6.94834,44.65482],[6.91133,44.65715],[6.84982,44.61262],[6.769,44.58823],[6.77183,44.57576],[6.73316,44.55174],[6.68615,44.5415],[6.6323,44.44692],[6.47135,44.45155],[6.41781,44.46892],[6.35121,44.51894],[6.33482,44.5114],[6.3444,44.50215],[6.33136,44.46963],[6.28602,44.4775],[6.24034,44.46405],[6.26144,44.41351],[6.22967,44.3826],[6.14796,44.46312],[6.07969,44.47553],[6.07565,44.43845],[6.05944,44.45212],[5.95707,44.39738],[5.93071,44.35245],[5.90325,44.33741],[5.89619,44.32006],[5.92699,44.2963],[5.91319,44.24871],[5.86865,44.2951],[5.83613,44.29754],[5.82677,44.26407],[5.88179,44.211],[5.90521,44.20633],[5.90551,44.19098],[5.79539,44.21346],[5.68195,44.18969],[5.6804,44.27192],[5.64678,44.26709],[5.63972,44.29336],[5.60947,44.30635],[5.63082,44.33299],[5.4892,44.33998],[5.43023,44.37501],[5.44144,44.37776],[5.42789,44.42978],[5.47285,44.42039],[5.4983,44.43732],[5.46443,44.44789],[5.45841,44.49939],[5.60338,44.46542],[5.62979,44.50119],[5.66247,44.50138],[5.59725,44.54327],[5.64619,44.60938],[5.64172,44.65107],[5.72804,44.6392],[5.75035,44.65958],[5.78726,44.65308],[5.83044,44.69055],[5.80387,44.70585],[5.83843,44.75782],[5.88181,44.74663],[5.94539,44.76192],[5.97937,44.78585],[5.94952,44.80453],[5.96024,44.81198],[6.02506,44.83669],[6.0565,44.81581],[6.13857,44.86328],[6.24699,44.85173],[6.29501,44.8742],[6.34806,44.85166],[6.35897,44.93664],[6.329,44.94732],[6.31543,44.97904],[6.32341,44.99822],[6.25563,44.99586],[6.20245,45.02105],[6.21781,45.05995],[6.24012,45.06772],[6.23372,45.11176],[6.26057,45.12685]]]}},{"type":"Feature","properties":{"code":"06","nom":"Alpes-Maritimes"},"geometry":{"type":"MultiPolygon","coordinates":[[[[7.06711,43.51365],[7.03158,43.52104],[7.04403,43.52412],[7.06711,43.51365]]],[[[7.04782,43.5045],[7.03709,43.50679],[7.05544,43.50782],[7.04782,43.5045]]],[[[6.88743,44.36105],[6.92257,44.35073],[6.97188,44.28362],[6.99429,44.2804],[7.01676,44.23221],[7.08069,44.23047],[7.14105,44.201],[7.16274,44.20801],[7.2194,44.16847],[7.2409,44.17336],[7.26278,44.14803],[7.34467,44.14474],[7.36439,44.1175],[7.42475,44.11193],[7.50081,44.14225],[7.61835,44.14937],[7.63662,44.1771],[7.67278,44.17719],[7.67181,44.12194],[7.71508,44.08405],[7.70277,44.0435],[7.66152,44.02212],[7.66898,43.99994],[7.65244,43.97371],[7.56917,43.94433],[7.56195,43.89974],[7.49788,43.87165],[7.5292,43.784],[7.49299,43.76919],[7.48809,43.75002],[7.45305,43.75841],[7.41096,43.7236],[7.34196,43.71337],[7.3333,43.67534],[7.31472,43.70653],[7.30754,43.68742],[7.23794,43.68599],[7.20646,43.64564],[7.16103,43.65521],[7.12647,43.60528],[7.13637,43.54458],[7.09374,43.57041],[7.03773,43.53471],[7.02365,43.54945],[6.97183,43.54545],[6.94167,43.52153],[6.95619,43.49696],[6.92811,43.48111],[6.88842,43.50142],[6.89578,43.52321],[6.88137,43.53732],[6.90824,43.56391],[6.89843,43.58156],[6.91199,43.59833],[6.79721,43.63095],[6.76038,43.67084],[6.77378,43.70168],[6.75322,43.73701],[6.68271,43.75794],[6.66079,43.74791],[6.63633,43.78381],[6.70981,43.81882],[6.67194,43.8305],[6.67823,43.85195],[6.70027,43.8551],[6.67157,43.88734],[6.75617,43.87481],[6.83229,43.91846],[6.88461,43.88912],[6.94175,43.89697],[6.74569,44.04283],[6.75529,44.07861],[6.68823,44.16581],[6.72399,44.24984],[6.78228,44.27518],[6.81247,44.33263],[6.88743,44.36105]]]]}},{"type":"Feature","properties":{"code":"2A","nom":"Corse-du-Sud"},"geometry":{"type":"MultiPolygon","coordinates":[[[[8.5864,41.87389],[8.59576,41.88124],[8.59289,41.8736],[8.5864,41.87389]]],[[[9.37422,41.5585],[9.37082,41.56044],[9.37264,41.56326],[9.37422,41.5585]]],[[[8.54194,42.3704],[8.54166,42.36619],[8.53769,42.36931],[8.54194,42.3704]]],[[[9.26095,41.3387],[9.2514,41.34019],[9.25688,41.34767],[9.26095,41.3387]]],[[[9.3591,41.54833],[9.36185,41.55372],[9.36471,41.55124],[9.3591,41.54833]]],[[[9.27103,41.36496],[9.25503,41.36829],[9.2683,41.37294],[9.27103,41.36496]]],[[[9.22633,41.37072],[9.22718,41.37319],[9.23027,41.37224],[9.22633,41.37072]]],[[[9.35516,41.53819],[9.35196,41.54033],[9.35497,41.54042],[9.35516,41.53819]]],[[[9.39202,41.66812],[9.39281,41.67246],[9.39651,41.66997],[9.39202,41.66812]]],[[[9.36261,41.63237],[9.36091,41.63323],[9.36316,41.63409],[9.36261,41.63237]]],[[[8.57341,42.38141],[8.6407,42.37367],[8.77087,42.3262],[8.81915,42.31855],[8.85309,42.33027],[8.85891,42.30303],[8.90087,42.25734],[9.04751,42.20262],[9.05061,42.17],[9.09387,42.11508],[9.12547,42.10314],[9.13366,42.05171],[9.1606,42.02644],[9.21518,42.02786],[9.22363,41.93437],[9.21328,41.91746],[9.25221,41.89898],[9.23152,41.85308],[9.30749,41.83473],[9.37795,41.8678],[9.40227,41.8587],[9.40555,41.72171],[9.39573,41.69079],[9.3769,41.68284],[9.38134,41.65099],[9.3467,41.63435],[9.34447,41.61794],[9.30489,41.62585],[9.28094,41.59719],[9.29906,41.58565],[9.31767,41.60397],[9.36863,41.59739],[9.34513,41.56194],[9.27539,41.53167],[9.26821,41.50081],[9.28196,41.47694],[9.22395,41.44249],[9.21971,41.40522],[9.25815,41.4283],[9.26042,41.41715],[9.22072,41.3692],[9.18475,41.36587],[9.12739,41.39937],[9.09358,41.39386],[9.12032,41.43592],[9.07406,41.44221],[9.07398,41.4699],[9.04255,41.45772],[9.01819,41.47781],[8.92719,41.48982],[8.87412,41.52464],[8.84088,41.51969],[8.85255,41.54533],[8.78755,41.55985],[8.80262,41.57574],[8.77415,41.59226],[8.79509,41.62507],[8.8695,41.64609],[8.91688,41.68344],[8.90914,41.69126],[8.80913,41.71379],[8.78169,41.69982],[8.78147,41.73825],[8.71667,41.7225],[8.69813,41.7414],[8.66489,41.74169],[8.72883,41.7754],[8.70864,41.79661],[8.71775,41.80392],[8.76925,41.81014],[8.78144,41.82742],[8.75513,41.84186],[8.78823,41.85046],[8.77927,41.88361],[8.80142,41.89939],[8.77578,41.9267],[8.74511,41.93317],[8.72222,41.91111],[8.60823,41.89392],[8.6234,41.93484],[8.59208,41.9644],[8.6482,41.96841],[8.66746,41.98152],[8.66363,42.01414],[8.74534,42.04515],[8.69025,42.11522],[8.65893,42.10129],[8.64701,42.12114],[8.58537,42.12925],[8.58975,42.14915],[8.56581,42.1481],[8.59124,42.16419],[8.56114,42.1716],[8.58219,42.17827],[8.57385,42.22797],[8.54254,42.23386],[8.6912,42.2705],[8.67437,42.29422],[8.60326,42.30855],[8.59782,42.31874],[8.62822,42.33201],[8.61311,42.3491],[8.55779,42.33224],[8.54729,42.37889],[8.57341,42.38141]]]]}},{"type":"Feature","properties":{"code":"2B","nom":"Haute-Corse"},"geometry":{"type":"MultiPolygon","coordinates":[[[[9.40875,43.02232],[9.40392,43.02591],[9.4064,43.02766],[9.40875,43.02232]]],[[[9.34112,42.96307],[9.34015,42.96533],[9.34291,42.96376],[9.34112,42.96307]]],[[[9.40227,41.8587],[9.36948,41.86331],[9.3091,41.83215],[9.23152,41.85308],[9.24843,41.90992],[9.21786,41.91344],[9.22108,42.0276],[9.16153,42.02493],[9.13185,42.05747],[9.12506,42.10172],[9.07814,42.12689],[9.04566,42.20692],[9.02164,42.20314],[8.89609,42.2605],[8.85902,42.29995],[8.85309,42.33027],[8.81992,42.31602],[8.77089,42.32476],[8.58008,42.37996],[8.60958,42.38996],[8.6105,42.4159],[8.66019,42.42238],[8.6541,42.43825],[8.67724,42.47399],[8.65118,42.47357],[8.6655,42.51363],[8.71833,42.52457],[8.72216,42.55379],[8.70663,42.57041],[8.72527,42.58445],[8.72704,42.56161],[8.78889,42.55856],[8.81703,42.60474],[9.05641,42.65968],[9.05732,42.69109],[9.1274,42.73128],[9.21761,42.73344],[9.25779,42.7179],[9.28442,42.67634],[9.31418,42.689],[9.34512,42.73639],[9.34256,42.7948],[9.31086,42.83127],[9.33328,42.86008],[9.32099,42.89356],[9.35653,42.92343],[9.34332,42.99878],[9.41766,43.01076],[9.46112,42.97852],[9.49122,42.79649],[9.4657,42.75706],[9.44737,42.66778],[9.5273,42.56611],[9.54349,42.4293],[9.53224,42.37191],[9.55996,42.28231],[9.55022,42.10582],[9.41705,41.96123],[9.40227,41.8587]]]]}},{"type":"Feature","properties":{"code":"07","nom":"Ardèche"},"geometry":{"type":"Polygon","coordinates":[[[4.48313,45.23645],[4.60195,45.25135],[4.59682,45.28133],[4.64315,45.32925],[4.732,45.36381],[4.77044,45.35549],[4.76185,45.32406],[4.80946,45.28985],[4.80586,45.19175],[4.82806,45.15731],[4.80449,45.12195],[4.83456,45.06877],[4.8575,45.06135],[4.83749,45.01173],[4.88659,44.93665],[4.8579,44.90316],[4.84438,44.84601],[4.76094,44.77171],[4.77896,44.65837],[4.73647,44.58632],[4.69389,44.56108],[4.70702,44.53084],[4.6882,44.5055],[4.69865,44.45231],[4.66919,44.43373],[4.65005,44.37641],[4.65135,44.27712],[4.47494,44.34202],[4.45422,44.33963],[4.44042,44.28342],[4.39538,44.29086],[4.40274,44.33128],[4.38652,44.34661],[4.32577,44.33832],[4.27194,44.27122],[4.24924,44.26607],[4.17475,44.31816],[4.1484,44.31339],[4.12675,44.33773],[4.05401,44.31872],[4.04137,44.39353],[4.06844,44.40511],[4.03634,44.41918],[4.04192,44.4407],[3.99258,44.46699],[3.95472,44.56686],[3.90517,44.59271],[3.89465,44.64776],[3.86954,44.67825],[3.88417,44.69259],[3.86187,44.71057],[3.8782,44.73231],[3.86946,44.7548],[3.92108,44.76747],[3.91112,44.77745],[3.95252,44.8263],[3.97878,44.81373],[3.98248,44.83263],[3.99526,44.82152],[4.00528,44.83802],[4.02516,44.83184],[4.03867,44.87259],[4.16154,44.87716],[4.22559,44.96359],[4.31167,44.97177],[4.28983,44.99731],[4.30154,45.02609],[4.38172,45.04158],[4.34637,45.07504],[4.40019,45.11497],[4.36947,45.12855],[4.38591,45.14289],[4.42298,45.13727],[4.43446,45.11174],[4.44931,45.11984],[4.44846,45.16319],[4.4779,45.19029],[4.48313,45.23645]]]}},{"type":"Feature","properties":{"code":"08","nom":"Ardennes"},"geometry":{"type":"Polygon","coordinates":[[[4.23316,49.95775],[4.30874,49.9697],[4.44694,49.9375],[4.51552,49.95029],[4.58208,49.98357],[4.68834,49.99546],[4.6959,50.05908],[4.68449,50.063],[4.70048,50.09295],[4.75135,50.11174],[4.74781,50.12229],[4.82258,50.16832],[4.83735,50.15325],[4.87601,50.15391],[4.89497,50.14036],[4.87064,50.12465],[4.87596,50.09417],[4.83908,50.09466],[4.84033,50.07295],[4.81931,50.06588],[4.84042,50.04632],[4.79064,49.96385],[4.84711,49.94902],[4.88998,49.90927],[4.85159,49.85373],[4.87518,49.82052],[4.85148,49.79355],[4.90958,49.7858],[4.99536,49.80061],[5.01125,49.7813],[5.09537,49.76112],[5.12307,49.71731],[5.16158,49.71481],[5.16437,49.69368],[5.27319,49.69349],[5.32853,49.65825],[5.31026,49.6189],[5.33334,49.61569],[5.34725,49.63135],[5.39354,49.61709],[5.37089,49.59145],[5.34501,49.59051],[5.26625,49.54308],[5.23558,49.56919],[5.16867,49.56323],[5.14362,49.58953],[5.116,49.59051],[5.08795,49.53742],[5.10038,49.53717],[5.09517,49.52699],[5.05987,49.5047],[5.10851,49.44748],[5.11276,49.4225],[5.08012,49.40366],[5.10144,49.38049],[5.06147,49.37198],[5.02572,49.33309],[5.05647,49.29413],[5.0508,49.27586],[4.95099,49.23687],[4.90294,49.26243],[4.88093,49.26184],[4.86768,49.23172],[4.69556,49.25665],[4.63426,49.2318],[4.59497,49.27073],[4.59998,49.28862],[4.57271,49.29374],[4.44722,49.27254],[4.39617,49.29218],[4.37409,49.32024],[4.31448,49.32793],[4.24779,49.37777],[4.189,49.39869],[4.04797,49.40564],[4.03766,49.43826],[4.06217,49.44681],[4.04059,49.49991],[4.07195,49.51645],[4.0758,49.54146],[4.04876,49.54527],[4.07521,49.56566],[4.02529,49.62253],[4.11906,49.63853],[4.12618,49.67318],[4.22424,49.72762],[4.24233,49.75292],[4.24304,49.76538],[4.20739,49.77626],[4.22668,49.79303],[4.2208,49.82539],[4.2527,49.87678],[4.2557,49.90321],[4.21839,49.92062],[4.23316,49.95775]]]}},{"type":"Feature","properties":{"code":"09","nom":"Ariège"},"geometry":{"type":"Polygon","coordinates":[[[1.68842,43.27355],[1.72088,43.21875],[1.70973,43.19186],[1.78244,43.15175],[1.84942,43.14602],[1.85196,43.16061],[1.89372,43.11541],[1.91026,43.13231],[1.94017,43.12346],[1.95755,43.0756],[1.94223,43.05223],[1.9721,43.04661],[1.9851,43.02713],[1.97086,43.00957],[1.99798,42.96137],[1.93544,42.94801],[1.98057,42.92958],[1.98692,42.87101],[1.87589,42.85274],[1.85907,42.82216],[1.89394,42.80965],[1.92884,42.77495],[1.90899,42.76525],[1.95949,42.73686],[2.08629,42.7518],[2.16786,42.69618],[2.17587,42.6828],[2.15965,42.66435],[1.99692,42.66007],[1.97636,42.62107],[1.93497,42.60492],[1.90368,42.61154],[1.86938,42.57999],[1.79601,42.57148],[1.73173,42.58806],[1.72628,42.61548],[1.60357,42.62585],[1.54396,42.6542],[1.4801,42.65139],[1.47423,42.61089],[1.43783,42.60321],[1.3866,42.68952],[1.33283,42.7245],[1.2246,42.72425],[1.16986,42.70798],[1.08296,42.78341],[0.99137,42.78658],[0.96414,42.80416],[0.93077,42.78867],[0.86141,42.821],[0.82687,42.91627],[0.88364,42.93129],[0.87577,42.95535],[0.9791,42.97443],[1.01766,43.00762],[0.98904,43.02339],[0.98045,43.0696],[1.00042,43.07714],[1.00207,43.11362],[1.03265,43.10007],[1.05354,43.14545],[1.08462,43.13537],[1.12404,43.15596],[1.18619,43.13362],[1.23327,43.08628],[1.30272,43.12259],[1.27387,43.14839],[1.21707,43.15535],[1.22872,43.18684],[1.31461,43.18999],[1.37437,43.21375],[1.37665,43.23722],[1.2971,43.26243],[1.29496,43.28275],[1.32886,43.31151],[1.37128,43.31081],[1.36545,43.3018],[1.42902,43.25425],[1.41611,43.22603],[1.46162,43.21031],[1.48735,43.22735],[1.50768,43.22147],[1.494,43.2364],[1.49484,43.28565],[1.51554,43.29107],[1.51873,43.26917],[1.54463,43.27606],[1.56055,43.25889],[1.57883,43.27512],[1.62943,43.25682],[1.63508,43.2371],[1.67361,43.28134],[1.68842,43.27355]]]}},{"type":"Feature","properties":{"code":"10","nom":"Aube"},"geometry":{"type":"Polygon","coordinates":[[[3.41479,48.39027],[3.42224,48.41286],[3.3946,48.43173],[3.40648,48.45245],[3.38336,48.47944],[3.42859,48.49069],[3.4054,48.52801],[3.48576,48.54521],[3.46552,48.57049],[3.50648,48.60146],[3.55969,48.61851],[3.60254,48.57977],[3.62354,48.57953],[3.63983,48.53815],[3.73402,48.53824],[3.8304,48.51633],[3.86673,48.54174],[3.85426,48.57722],[3.89695,48.57488],[3.91628,48.60331],[3.97763,48.62574],[3.98998,48.65672],[4.04429,48.66096],[4.07171,48.69531],[4.12559,48.68808],[4.16925,48.70619],[4.29938,48.71459],[4.33374,48.67713],[4.32203,48.65348],[4.33438,48.63248],[4.31543,48.6172],[4.4092,48.55877],[4.51666,48.54443],[4.54541,48.52525],[4.59579,48.55228],[4.64134,48.55388],[4.63501,48.54447],[4.66978,48.53459],[4.65304,48.47457],[4.62781,48.46864],[4.67845,48.44053],[4.7053,48.39085],[4.75427,48.38936],[4.75636,48.36818],[4.83472,48.34483],[4.81861,48.31924],[4.85085,48.29625],[4.84104,48.23943],[4.85265,48.23027],[4.83859,48.22486],[4.86355,48.20791],[4.83572,48.16289],[4.83562,48.10856],[4.729,48.1155],[4.65754,48.07924],[4.72315,48.04576],[4.70504,48.02773],[4.71453,48.0212],[4.57863,48.02909],[4.53722,48.006],[4.55424,47.96748],[4.309,47.96117],[4.27811,47.92404],[4.24546,47.92975],[4.2158,47.97251],[4.19395,47.96675],[4.21271,47.96307],[4.19801,47.94118],[4.16633,47.9598],[4.11179,47.927],[4.0664,47.94477],[4.04639,47.92685],[4.00903,47.93854],[3.89908,47.92787],[3.91092,47.98182],[3.89343,48.0017],[3.87997,47.97917],[3.84766,47.99012],[3.84133,47.99821],[3.87109,48.01496],[3.8243,48.0429],[3.82635,48.06361],[3.79808,48.0865],[3.80166,48.10673],[3.77145,48.1312],[3.74095,48.13139],[3.7519,48.16129],[3.71847,48.17537],[3.71822,48.15288],[3.66976,48.13951],[3.63189,48.18939],[3.57985,48.18434],[3.61544,48.21803],[3.60557,48.24251],[3.62463,48.25597],[3.61886,48.26754],[3.58412,48.28119],[3.58141,48.30299],[3.5439,48.31979],[3.50449,48.36578],[3.46528,48.37472],[3.43123,48.36048],[3.41479,48.39027]]]}},{"type":"Feature","properties":{"code":"11","nom":"Aude"},"geometry":{"type":"Polygon","coordinates":[[[1.68842,43.27355],[1.71254,43.29391],[1.70401,43.30282],[1.73581,43.3142],[1.72528,43.33155],[1.73606,43.33867],[1.81555,43.34592],[1.80313,43.38907],[1.8261,43.39484],[1.81915,43.41313],[1.84212,43.41508],[1.85549,43.43971],[1.87493,43.43587],[1.90499,43.39337],[1.93424,43.42525],[1.9883,43.40761],[2.0452,43.43413],[2.07934,43.39562],[2.17013,43.41676],[2.21211,43.3845],[2.22935,43.41147],[2.22347,43.43194],[2.25768,43.45686],[2.39684,43.41664],[2.43534,43.43521],[2.49308,43.43716],[2.59346,43.41259],[2.55634,43.38891],[2.54498,43.35125],[2.5474,43.33874],[2.58542,43.33344],[2.61708,43.28427],[2.69815,43.31608],[2.70491,43.27456],[2.76306,43.25525],[2.81294,43.30539],[2.81271,43.32349],[2.86832,43.32959],[2.86582,43.38199],[2.89017,43.36535],[2.88415,43.33504],[2.89684,43.32549],[2.94503,43.31251],[3.00435,43.32013],[3.00953,43.27613],[3.05374,43.28018],[3.10136,43.25614],[3.14383,43.25833],[3.15434,43.2434],[3.20103,43.24917],[3.23562,43.21582],[3.1479,43.13637],[3.07249,43.03482],[3.04062,42.94825],[3.05829,42.90916],[3.04472,42.84741],[2.91767,42.88491],[2.86527,42.91834],[2.78905,42.89599],[2.72474,42.83398],[2.50901,42.84983],[2.45247,42.83693],[2.33745,42.84114],[2.32056,42.82843],[2.34392,42.80122],[2.35125,42.7253],[2.26039,42.70012],[2.18558,42.65171],[2.16605,42.66392],[2.16528,42.69821],[2.07976,42.75214],[1.95163,42.73669],[1.91139,42.76251],[1.91963,42.78081],[1.89775,42.80715],[1.8591,42.82503],[1.88788,42.85261],[1.97818,42.86805],[1.98057,42.92958],[1.93544,42.94801],[2.00423,42.96112],[1.98737,42.97236],[1.98026,43.03746],[1.94223,43.05223],[1.96386,43.06918],[1.95277,43.11307],[1.91026,43.13231],[1.89562,43.11695],[1.85365,43.15616],[1.7836,43.1512],[1.71348,43.18562],[1.72389,43.21471],[1.68842,43.27355]]]}},{"type":"Feature","properties":{"code":"12","nom":"Aveyron"},"geometry":{"type":"Polygon","coordinates":[[[2.20748,44.61553],[2.21591,44.65069],[2.29337,44.66708],[2.32679,44.66969],[2.35453,44.64013],[2.48319,44.65034],[2.49866,44.68677],[2.55864,44.71984],[2.55057,44.75414],[2.56716,44.78065],[2.6,44.79305],[2.60361,44.83902],[2.62317,44.86647],[2.65749,44.87372],[2.67486,44.9007],[2.70522,44.90637],[2.74053,44.93999],[2.77609,44.90896],[2.77173,44.8563],[2.80418,44.87439],[2.85754,44.87528],[2.88326,44.79746],[2.93775,44.77487],[2.91255,44.76258],[2.93139,44.75299],[2.92454,44.72949],[2.94571,44.67655],[3.08386,44.56041],[3.06884,44.50132],[3.11386,44.47682],[3.14093,44.4392],[3.11933,44.3641],[3.15381,44.31206],[3.1217,44.26813],[3.15236,44.27463],[3.16419,44.24362],[3.22434,44.23003],[3.20427,44.19351],[3.21441,44.18951],[3.2939,44.20698],[3.36279,44.2015],[3.37206,44.1728],[3.32029,44.1359],[3.3239,44.11188],[3.27019,44.09717],[3.29059,44.0717],[3.32367,44.07966],[3.34836,44.05203],[3.38304,44.05725],[3.44946,44.01171],[3.36267,43.95194],[3.34257,43.89419],[3.26497,43.89526],[3.2344,43.85937],[3.24909,43.83319],[3.2165,43.81566],[3.05907,43.8309],[3.05255,43.7966],[3.07144,43.77168],[3.05388,43.74758],[3.06095,43.70006],[2.98132,43.70796],[2.93546,43.69467],[2.92157,43.73544],[2.82404,43.76199],[2.74284,43.72904],[2.67375,43.74952],[2.56416,43.84133],[2.57868,43.88069],[2.55048,43.89834],[2.55462,43.92156],[2.49935,43.95059],[2.52504,43.97701],[2.49423,43.99618],[2.46036,44.04892],[2.41433,44.05468],[2.38921,44.09457],[2.32632,44.12441],[2.2929,44.12162],[2.2795,44.14542],[2.18953,44.13743],[2.23506,44.15696],[2.15815,44.17923],[2.1509,44.1983],[2.10301,44.19236],[2.09825,44.17768],[2.05829,44.19005],[2.03095,44.15821],[1.99653,44.151],[1.96835,44.18237],[1.94132,44.17261],[1.89267,44.2065],[1.93346,44.2458],[1.95695,44.24274],[1.97044,44.27644],[1.87778,44.28817],[1.85933,44.32044],[1.90989,44.35957],[1.86725,44.39761],[1.87584,44.40727],[1.84977,44.44029],[1.84213,44.48202],[1.87996,44.48383],[1.88891,44.50552],[1.91414,44.48555],[1.91299,44.50516],[2.06084,44.58355],[2.05795,44.56757],[2.08129,44.58701],[2.13071,44.57083],[2.17408,44.59169],[2.19442,44.58537],[2.20748,44.61553]]]}},{"type":"Feature","properties":{"code":"13","nom":"Bouches-du-Rhône"},"geometry":{"type":"MultiPolygon","coordinates":[[[[5.3967,43.173],[5.37299,43.17738],[5.3897,43.17792],[5.3967,43.173]]],[[[5.38896,43.18537],[5.38094,43.18986],[5.39128,43.18615],[5.38896,43.18537]]],[[[5.61904,43.15731],[5.61533,43.15914],[5.61807,43.16211],[5.61904,43.15731]]],[[[5.30568,43.27676],[5.28799,43.26116],[5.30296,43.27885],[5.29294,43.27931],[5.32393,43.28619],[5.30568,43.27676]]],[[[5.33821,43.20794],[5.32944,43.2111],[5.33963,43.21178],[5.33821,43.20794]]],[[[5.36247,43.20002],[5.37005,43.19544],[5.36144,43.19687],[5.36247,43.20002]]],[[[5.32481,43.27891],[5.32437,43.28036],[5.32771,43.28046],[5.32481,43.27891]]],[[[5.33505,43.3373],[5.35769,43.29929],[5.3189,43.34707],[5.33505,43.3373]]],[[[4.87756,43.36494],[4.87494,43.36236],[4.87485,43.36624],[4.87756,43.36494]]],[[[4.73906,43.92406],[4.85309,43.91138],[4.96631,43.87165],[5.03272,43.82403],[5.04635,43.79106],[5.17331,43.73881],[5.30796,43.73796],[5.52391,43.66063],[5.60694,43.65869],[5.66975,43.69114],[5.71021,43.69],[5.75678,43.72403],[5.7807,43.7172],[5.80695,43.69267],[5.80154,43.66887],[5.70178,43.64422],[5.67806,43.61137],[5.68243,43.5829],[5.66063,43.57796],[5.71712,43.55109],[5.7135,43.50022],[5.69888,43.48522],[5.78084,43.41968],[5.75529,43.40232],[5.68922,43.402],[5.70351,43.35769],[5.67552,43.31956],[5.73288,43.30713],[5.76279,43.28236],[5.76093,43.26734],[5.68112,43.23109],[5.67321,43.18094],[5.61517,43.18233],[5.60722,43.1604],[5.5394,43.20878],[5.34182,43.21257],[5.37252,43.24508],[5.35326,43.27996],[5.36887,43.29308],[5.3142,43.36003],[5.21985,43.32812],[5.05391,43.32427],[5.02369,43.33905],[4.98866,43.39121],[5.00107,43.39822],[4.97382,43.40215],[4.97,43.42488],[4.93138,43.43316],[4.88841,43.41216],[4.90304,43.42799],[4.88396,43.41951],[4.85025,43.4508],[4.87731,43.41051],[4.83032,43.42774],[4.86147,43.40077],[4.84154,43.4036],[4.84465,43.39378],[4.87179,43.39036],[4.83447,43.37613],[4.87992,43.35899],[4.91225,43.37955],[4.85187,43.33235],[4.75368,43.35034],[4.66426,43.34682],[4.5628,43.37214],[4.56272,43.39225],[4.59296,43.40994],[4.55492,43.44622],[4.23559,43.46],[4.23968,43.49917],[4.32467,43.5282],[4.30811,43.54804],[4.31721,43.55348],[4.33058,43.5362],[4.40935,43.56113],[4.42554,43.58522],[4.45549,43.5859],[4.4753,43.6065],[4.42845,43.62772],[4.48724,43.69924],[4.53694,43.70751],[4.6251,43.68544],[4.61364,43.72982],[4.65124,43.78228],[4.64465,43.82555],[4.66311,43.84283],[4.64438,43.86193],[4.73906,43.92406]],[[5.11807,43.51322],[5.10269,43.52604],[5.04874,43.52257],[5.01934,43.55538],[5.00086,43.4741],[5.04814,43.46671],[5.07039,43.40021],[5.13727,43.40019],[5.2286,43.46008],[5.20558,43.492],[5.14283,43.46089],[5.11807,43.51322]]]]}},{"type":"Feature","properties":{"code":"14","nom":"Calvados"},"geometry":{"type":"MultiPolygon","coordinates":[[[[-0.43055,48.86309],[-0.43295,48.86331],[-0.43336,48.86555],[-0.43055,48.86309]]],[[[-1.11962,49.35557],[-1.07822,49.38849],[-0.94723,49.39581],[-0.75529,49.34891],[-0.4034,49.33405],[-0.22569,49.28182],[-0.08717,49.29791],[0.00346,49.32731],[0.12975,49.40299],[0.29722,49.42986],[0.30179,49.37115],[0.32204,49.34087],[0.29896,49.3151],[0.32302,49.29699],[0.31837,49.2791],[0.34632,49.29506],[0.38119,49.2868],[0.38379,49.26629],[0.32627,49.25243],[0.3305,49.23956],[0.39061,49.2117],[0.3859,49.15379],[0.42974,49.14265],[0.39875,49.09908],[0.41837,49.07863],[0.3851,49.07326],[0.37051,49.05457],[0.44628,49.01497],[0.41616,48.95419],[0.38281,48.96995],[0.33099,48.9454],[0.25987,48.96423],[0.23398,48.94019],[0.1539,48.92438],[0.12562,48.95091],[0.07387,48.93371],[0.05745,48.90439],[-0.03107,48.87373],[-0.06413,48.84367],[-0.12442,48.84738],[-0.14266,48.83578],[-0.12631,48.81669],[-0.30979,48.85786],[-0.33052,48.85566],[-0.34461,48.82358],[-0.43223,48.87484],[-0.56615,48.83304],[-0.64542,48.82721],[-0.64161,48.83739],[-0.69272,48.8473],[-0.70383,48.83962],[-0.68625,48.82411],[-0.69576,48.81351],[-0.77636,48.78722],[-0.82031,48.75325],[-0.8324,48.75268],[-0.81972,48.76969],[-0.87377,48.75567],[-0.94745,48.78633],[-1.08254,48.77777],[-1.10277,48.81322],[-1.15742,48.82388],[-1.15708,48.83637],[-1.09054,48.87903],[-1.06822,48.87308],[-1.01511,48.91727],[-1.06587,48.92027],[-0.94795,48.96607],[-0.86235,49.03466],[-0.89133,49.04774],[-0.87069,49.07461],[-0.87934,49.1159],[-0.92465,49.10238],[-0.88794,49.12597],[-0.95694,49.16015],[-0.92983,49.16434],[-0.88726,49.20146],[-0.92442,49.22674],[-0.98817,49.1949],[-1.1342,49.26938],[-1.13954,49.30987],[-1.11758,49.32364],[-1.11962,49.35557]]]]}},{"type":"Feature","properties":{"code":"15","nom":"Cantal"},"geometry":{"type":"Polygon","coordinates":[[[2.50841,45.4785],[2.54396,45.47898],[2.53653,45.45655],[2.56596,45.46468],[2.59192,45.4501],[2.61782,45.46789],[2.62603,45.4465],[2.68225,45.43654],[2.68034,45.41545],[2.70678,45.38685],[2.78483,45.38467],[2.81389,45.4015],[2.89978,45.37691],[2.92247,45.36811],[2.94826,45.31202],[3.00203,45.29017],[3.04753,45.30092],[3.06937,45.33418],[3.10998,45.3514],[3.11416,45.3305],[3.09186,45.32642],[3.10921,45.30364],[3.08361,45.29125],[3.16099,45.29533],[3.17626,45.27191],[3.22055,45.27694],[3.23893,45.21687],[3.26959,45.20913],[3.26402,45.16497],[3.28425,45.1268],[3.36145,45.10418],[3.2971,45.10743],[3.28568,45.09372],[3.30861,45.08565],[3.30285,45.02982],[3.33063,45.029],[3.32497,45.00979],[3.36317,45.00258],[3.34531,44.98581],[3.35545,44.9603],[3.28602,44.92638],[3.25642,44.94201],[3.22781,44.90993],[3.23453,44.88949],[3.18231,44.86373],[3.13369,44.90333],[3.10398,44.88656],[3.09894,44.83557],[3.07266,44.83744],[3.04809,44.80425],[3.04904,44.76272],[3.03108,44.74941],[3.03922,44.71706],[3.01653,44.71437],[2.97545,44.64472],[2.94167,44.67685],[2.92559,44.7271],[2.93377,44.74987],[2.91461,44.75897],[2.9333,44.76545],[2.93228,44.78337],[2.89277,44.7864],[2.84795,44.8715],[2.80418,44.87439],[2.77385,44.85474],[2.77185,44.91802],[2.74053,44.93999],[2.70522,44.90637],[2.67283,44.89923],[2.65425,44.86968],[2.63054,44.87284],[2.59695,44.82028],[2.59715,44.79076],[2.56524,44.77819],[2.55143,44.74882],[2.56042,44.72118],[2.50012,44.69019],[2.48319,44.65034],[2.35698,44.64139],[2.33448,44.64774],[2.32793,44.66799],[2.29337,44.66708],[2.21754,44.65046],[2.20885,44.61631],[2.16873,44.63861],[2.17302,44.68051],[2.13131,44.70533],[2.15413,44.77196],[2.16556,44.77152],[2.1652,44.80789],[2.086,44.88418],[2.10458,44.91977],[2.07696,44.93955],[2.06757,44.9691],[2.14218,45.00033],[2.09743,45.05847],[2.1426,45.08662],[2.17455,45.08226],[2.18166,45.13316],[2.23042,45.16209],[2.20133,45.17979],[2.19189,45.20871],[2.20234,45.22698],[2.24027,45.24759],[2.26778,45.28682],[2.35976,45.33651],[2.36936,45.3865],[2.3497,45.41175],[2.38374,45.41263],[2.47662,45.37028],[2.52318,45.38281],[2.52127,45.40264],[2.48906,45.41637],[2.50841,45.4785]]]}},{"type":"Feature","properties":{"code":"16","nom":"Charente"},"geometry":{"type":"Polygon","coordinates":[[[-0.10294,45.96966],[-0.03815,45.99242],[-0.05735,45.99894],[-0.02145,46.02887],[-0.03428,46.05484],[0.01927,46.05285],[0.09264,46.10303],[0.16992,46.08104],[0.22333,46.09276],[0.2845,46.06077],[0.39695,46.0651],[0.42481,46.0483],[0.48065,46.06543],[0.44628,46.09482],[0.4749,46.12973],[0.50869,46.13194],[0.53736,46.09165],[0.59568,46.07266],[0.60897,46.08974],[0.67759,46.09796],[0.71256,46.13959],[0.81647,46.13222],[0.83426,46.0998],[0.81387,46.0539],[0.86368,46.016],[0.88387,46.03165],[0.91805,46.01394],[0.9435,45.96519],[0.88358,45.92317],[0.81693,45.9321],[0.82429,45.88721],[0.78072,45.81759],[0.78378,45.79356],[0.71735,45.80594],[0.71072,45.76275],[0.65608,45.74188],[0.5689,45.65311],[0.56793,45.63555],[0.53845,45.62874],[0.52742,45.64422],[0.50449,45.61802],[0.51663,45.60003],[0.5036,45.55037],[0.45261,45.52482],[0.43327,45.48764],[0.379,45.48473],[0.33382,45.45202],[0.30018,45.45214],[0.3116,45.44245],[0.2749,45.42553],[0.25101,45.37612],[0.26922,45.31219],[0.26059,45.29472],[0.17919,45.25989],[0.1361,45.21004],[0.0962,45.22786],[0.0482,45.224],[0.00566,45.19503],[0.00368,45.22875],[-0.04789,45.24885],[-0.11539,45.24807],[-0.10879,45.28895],[-0.2203,45.31676],[-0.27903,45.30506],[-0.27797,45.34798],[-0.25699,45.3411],[-0.24483,45.36062],[-0.28111,45.35497],[-0.31095,45.38171],[-0.23631,45.40955],[-0.27018,45.45697],[-0.2862,45.45636],[-0.24052,45.49452],[-0.2602,45.50612],[-0.25374,45.51694],[-0.32211,45.54104],[-0.29657,45.5645],[-0.31454,45.57929],[-0.38479,45.6249],[-0.43054,45.62374],[-0.40873,45.65614],[-0.38521,45.6555],[-0.42292,45.68559],[-0.41941,45.71987],[-0.4002,45.73503],[-0.46001,45.73928],[-0.46177,45.75129],[-0.40946,45.76717],[-0.40178,45.7866],[-0.31027,45.78693],[-0.29481,45.80529],[-0.24462,45.80542],[-0.22205,45.77677],[-0.16256,45.79252],[-0.15364,45.7829],[-0.14368,45.83749],[-0.11547,45.86754],[-0.14718,45.89903],[-0.13887,45.91482],[-0.15094,45.91375],[-0.10102,45.92942],[-0.08642,45.95071],[-0.10294,45.96966]]]}},{"type":"Feature","properties":{"code":"17","nom":"Charente-Maritime"},"geometry":{"type":"MultiPolygon","coordinates":[[[[-1.11427,45.95173],[-1.12028,45.95996],[-1.10533,45.95439],[-1.11427,45.95173]]],[[[-1.4809,46.21003],[-1.41294,46.23014],[-1.43967,46.21407],[-1.35472,46.20611],[-1.25893,46.16295],[-1.27754,46.14466],[-1.31371,46.14372],[-1.4616,46.20212],[-1.52758,46.20128],[-1.56096,46.2363],[-1.50058,46.25818],[-1.47578,46.23592],[-1.51399,46.2321],[-1.50926,46.21873],[-1.4809,46.21003]]],[[[-1.17559,46.008],[-1.17596,46.01975],[-1.15428,46.01929],[-1.17559,46.008]]],[[[-1.1294,46.31028],[-1.07829,46.31692],[-1.05571,46.34564],[-0.93108,46.37063],[-0.9631,46.32262],[-0.93102,46.31004],[-0.84948,46.31777],[-0.83988,46.34037],[-0.79672,46.33914],[-0.80075,46.32448],[-0.75048,46.30426],[-0.7368,46.2714],[-0.74535,46.24254],[-0.68818,46.21666],[-0.688,46.17835],[-0.60147,46.15633],[-0.62843,46.15171],[-0.62353,46.14014],[-0.54363,46.14305],[-0.50549,46.10801],[-0.44416,46.09797],[-0.42754,46.11139],[-0.41539,46.09017],[-0.38622,46.09793],[-0.36273,46.07554],[-0.29328,46.08659],[-0.26144,46.05492],[-0.19256,46.05423],[-0.18158,46.02918],[-0.16027,46.03659],[-0.17055,46.02412],[-0.09181,45.9515],[-0.10484,45.92695],[-0.15113,45.92662],[-0.14189,45.88902],[-0.11416,45.87265],[-0.14469,45.83967],[-0.13639,45.81708],[-0.15606,45.77951],[-0.15959,45.79213],[-0.21958,45.77729],[-0.25109,45.80477],[-0.29481,45.80529],[-0.32129,45.7845],[-0.40039,45.78667],[-0.40946,45.76717],[-0.46315,45.75184],[-0.46001,45.73928],[-0.40418,45.73736],[-0.42007,45.72473],[-0.41773,45.69094],[-0.38253,45.6598],[-0.41448,45.64785],[-0.42155,45.61977],[-0.38017,45.62214],[-0.30066,45.56495],[-0.32211,45.54104],[-0.31365,45.53348],[-0.25898,45.52231],[-0.24214,45.50312],[-0.28419,45.46141],[-0.2481,45.43776],[-0.23631,45.40955],[-0.31126,45.37877],[-0.24544,45.34839],[-0.28269,45.3389],[-0.28438,45.30896],[-0.26032,45.29859],[-0.22472,45.32138],[-0.14528,45.28818],[-0.12425,45.29448],[-0.10862,45.24732],[-0.04148,45.24745],[0.00606,45.22015],[0.00403,45.18982],[-0.01737,45.16986],[-0.00194,45.15959],[-0.03543,45.14146],[-0.0402,45.10238],[-0.06121,45.09866],[-0.09788,45.12104],[-0.14567,45.08982],[-0.19096,45.09389],[-0.25129,45.11156],[-0.28492,45.14443],[-0.31376,45.13782],[-0.34918,45.16956],[-0.38331,45.14572],[-0.41797,45.20445],[-0.40511,45.23982],[-0.42464,45.24828],[-0.41542,45.26933],[-0.47702,45.29348],[-0.55098,45.29432],[-0.57101,45.30324],[-0.5852,45.34334],[-0.59448,45.32114],[-0.75268,45.32177],[-0.77402,45.36921],[-0.84106,45.43508],[-1.02574,45.57469],[-0.993,45.57718],[-0.99026,45.59009],[-1.02032,45.62152],[-1.05133,45.62089],[-1.20932,45.6967],[-1.23089,45.69134],[-1.19912,45.67489],[-1.22829,45.67506],[-1.24257,45.78157],[-1.1337,45.80276],[-1.17024,45.85593],[-1.11639,45.85935],[-1.07388,45.92086],[-1.09597,45.94201],[-1.07211,45.94945],[-1.08586,45.98149],[-1.11432,46.00157],[-1.09316,45.99182],[-1.05317,46.00338],[-1.06068,46.043],[-1.0899,46.05945],[-1.10073,46.0938],[-1.14334,46.10852],[-1.1238,46.11569],[-1.12823,46.12655],[-1.16966,46.13824],[-1.17144,46.15376],[-1.24204,46.15745],[-1.20012,46.1925],[-1.199,46.21325],[-1.11216,46.26573],[-1.1294,46.31028]]],[[[-1.25027,45.84597],[-1.26615,45.87817],[-1.38886,45.9577],[-1.38787,46.00002],[-1.4118,46.04552],[-1.37664,46.0402],[-1.30662,45.9911],[-1.23755,45.98391],[-1.23121,45.9234],[-1.18741,45.8866],[-1.19713,45.83191],[-1.23185,45.80177],[-1.25027,45.84597]]]]}},{"type":"Feature","properties":{"code":"18","nom":"Cher"},"geometry":{"type":"Polygon","coordinates":[[[2.23921,47.62098],[2.28204,47.62824],[2.36464,47.59079],[2.43735,47.60978],[2.49136,47.5683],[2.5632,47.57213],[2.65587,47.5104],[2.66938,47.48468],[2.71941,47.49329],[2.73262,47.53804],[2.81618,47.49545],[2.84708,47.51367],[2.88471,47.51282],[2.93118,47.44167],[2.86995,47.33825],[2.98309,47.26081],[2.98168,47.222],[3.0291,47.12011],[3.01949,47.07442],[3.07516,47.02932],[3.06294,46.98109],[3.07652,46.96112],[3.05029,46.91063],[3.06953,46.85307],[3.02465,46.79401],[2.96772,46.80401],[2.91327,46.79103],[2.83521,46.72801],[2.79123,46.73345],[2.75852,46.71775],[2.73459,46.74519],[2.70884,46.74113],[2.70256,46.7215],[2.62337,46.68964],[2.62834,46.66359],[2.60543,46.67121],[2.56713,46.65374],[2.5964,46.63897],[2.5757,46.61126],[2.60011,46.59524],[2.60379,46.5493],[2.53725,46.52047],[2.49695,46.53367],[2.3683,46.51843],[2.33653,46.50094],[2.32299,46.46968],[2.29818,46.4685],[2.26946,46.42296],[2.17254,46.42228],[2.1514,46.4577],[2.20353,46.4884],[2.16184,46.55253],[2.18647,46.63341],[2.14122,46.6642],[2.15042,46.68702],[2.13128,46.70458],[2.0924,46.71183],[2.06575,46.74249],[2.11692,46.77693],[2.04496,46.8365],[2.08243,46.84321],[2.08297,46.86858],[2.13904,46.88857],[2.15483,46.91163],[2.0707,46.934],[2.10886,46.99719],[2.03338,47.04285],[2.0536,47.10151],[2.00332,47.09418],[1.99666,47.127],[1.88272,47.10195],[1.781,47.12894],[1.83545,47.17629],[1.84047,47.21234],[1.87301,47.20532],[1.90832,47.22089],[1.90952,47.24379],[1.89768,47.24599],[1.94082,47.29013],[1.99425,47.26719],[2.13513,47.28196],[2.15156,47.31072],[2.13135,47.32207],[2.11557,47.36468],[2.09708,47.3668],[2.11499,47.42126],[2.1342,47.40807],[2.1889,47.43779],[2.20523,47.40525],[2.24369,47.41482],[2.24775,47.49173],[2.19607,47.4879],[2.21318,47.51652],[2.19784,47.54592],[2.13524,47.55132],[2.12358,47.57743],[2.15009,47.59847],[2.23921,47.62098]]]}},{"type":"Feature","properties":{"code":"19","nom":"Corrèze"},"geometry":{"type":"Polygon","coordinates":[[[1.89873,45.69828],[1.92237,45.71366],[1.94273,45.70474],[1.95658,45.72476],[1.99144,45.72081],[2.0053,45.75033],[2.05529,45.76279],[2.08536,45.73323],[2.15485,45.72292],[2.16091,45.73584],[2.2067,45.7166],[2.19191,45.70048],[2.21152,45.71283],[2.22363,45.69584],[2.27107,45.69165],[2.28046,45.66521],[2.32621,45.6716],[2.3517,45.71007],[2.42931,45.70256],[2.49937,45.73244],[2.52571,45.69341],[2.51259,45.66976],[2.52736,45.65472],[2.51084,45.63899],[2.4875,45.6424],[2.46342,45.5997],[2.49565,45.55692],[2.51684,45.55302],[2.50974,45.4731],[2.48786,45.41979],[2.52127,45.40264],[2.52318,45.38281],[2.48013,45.37031],[2.3875,45.41196],[2.35066,45.41292],[2.36936,45.3865],[2.35166,45.32783],[2.31774,45.32296],[2.19536,45.22085],[2.20133,45.17979],[2.23174,45.17006],[2.20256,45.13916],[2.17879,45.1363],[2.1892,45.1177],[2.17455,45.08226],[2.1426,45.08662],[2.09743,45.05847],[2.14218,45.00033],[2.13645,44.99016],[1.98855,44.97486],[1.94916,44.95252],[1.92718,44.9788],[1.90665,44.97698],[1.82082,44.92722],[1.74934,44.93758],[1.7508,44.95573],[1.70877,44.96964],[1.70031,44.9892],[1.62596,45.03377],[1.55435,45.02931],[1.53183,45.04508],[1.44826,45.01931],[1.39956,45.06118],[1.40691,45.06997],[1.37938,45.10358],[1.41419,45.12006],[1.25529,45.15864],[1.29104,45.18335],[1.22851,45.20307],[1.27782,45.24883],[1.2284,45.27222],[1.2358,45.32204],[1.26517,45.32304],[1.31799,45.36278],[1.3222,45.38373],[1.25717,45.40216],[1.29033,45.41817],[1.25678,45.44511],[1.26978,45.47362],[1.29984,45.48655],[1.34627,45.46866],[1.41291,45.52892],[1.44472,45.52486],[1.47887,45.56373],[1.50193,45.55068],[1.51613,45.56414],[1.58565,45.55699],[1.59893,45.57889],[1.64339,45.58394],[1.70891,45.64182],[1.7764,45.65846],[1.7847,45.68185],[1.87308,45.66484],[1.90365,45.67778],[1.89873,45.69828]]]}},{"type":"Feature","properties":{"code":"21","nom":"Côte-d'Or"},"geometry":{"type":"MultiPolygon","coordinates":[[[[4.11597,47.12334],[4.10683,47.13],[4.12001,47.14591],[4.18911,47.1418],[4.17989,47.11509],[4.11597,47.12334]]],[[[4.29342,47.92568],[4.31716,47.96086],[4.55813,47.97074],[4.5388,47.99728],[4.58507,48.0301],[4.79217,48.00502],[4.80784,47.99029],[4.78651,47.9642],[4.84518,47.96125],[4.8661,47.94051],[4.82947,47.91228],[4.85464,47.8968],[4.86934,47.91745],[4.90291,47.92104],[4.92715,47.87885],[4.99413,47.81975],[4.91796,47.77709],[4.95443,47.76273],[4.95871,47.7347],[4.97003,47.73553],[4.95984,47.69697],[4.99675,47.68997],[5.03365,47.70789],[5.02912,47.69746],[5.05355,47.6942],[5.05095,47.67202],[5.10888,47.64968],[5.17834,47.68095],[5.17456,47.6563],[5.25054,47.62215],[5.23802,47.59654],[5.25322,47.5787],[5.33045,47.61085],[5.35557,47.59147],[5.37193,47.6041],[5.39046,47.59417],[5.42559,47.63207],[5.47755,47.60872],[5.49706,47.55418],[5.4901,47.53443],[5.43888,47.49243],[5.4043,47.49749],[5.39175,47.46968],[5.3673,47.46447],[5.44037,47.44864],[5.43455,47.39883],[5.45181,47.3832],[5.49507,47.39071],[5.49279,47.33208],[5.47335,47.32122],[5.51632,47.30577],[5.49338,47.28818],[5.47421,47.21307],[5.44799,47.19618],[5.45107,47.16396],[5.40854,47.12666],[5.39043,47.08636],[5.32659,47.07521],[5.28874,47.05066],[5.27529,47.0285],[5.31459,47.01679],[5.25265,46.98137],[5.22201,46.98886],[5.10563,46.95031],[5.05053,46.98088],[4.98537,46.95864],[4.90375,46.9671],[4.88378,46.94959],[4.77557,46.91815],[4.72174,46.92185],[4.6871,46.90011],[4.66536,46.91234],[4.66725,46.9331],[4.58956,46.95571],[4.54591,46.99394],[4.55771,47.01069],[4.54802,47.01653],[4.51224,47.01178],[4.49369,47.02837],[4.42765,47.03737],[4.40093,47.05293],[4.41076,47.07404],[4.39953,47.08324],[4.3588,47.06191],[4.34678,47.1014],[4.25972,47.11401],[4.20828,47.16385],[4.23195,47.19878],[4.22146,47.21969],[4.17972,47.24844],[4.13595,47.23757],[4.12558,47.2475],[4.11679,47.28893],[4.13004,47.3038],[4.11938,47.30554],[4.14332,47.35429],[4.10628,47.3352],[4.10787,47.37328],[4.0801,47.3761],[4.09003,47.39461],[4.0698,47.4],[4.07875,47.43878],[4.10834,47.43743],[4.12981,47.4626],[4.11753,47.50989],[4.17192,47.55023],[4.21535,47.6308],[4.2493,47.66066],[4.22564,47.67116],[4.28162,47.68163],[4.24118,47.71666],[4.24813,47.72621],[4.2605,47.7422],[4.29304,47.73285],[4.33247,47.75651],[4.32723,47.84247],[4.2713,47.83878],[4.26677,47.86836],[4.24638,47.87387],[4.31115,47.90392],[4.29342,47.92568]]]]}},{"type":"Feature","properties":{"code":"22","nom":"Côtes-d'Armor"},"geometry":{"type":"MultiPolygon","coordinates":[[[[-3.47716,48.88127],[-3.48448,48.88139],[-3.47834,48.88437],[-3.47716,48.88127]]],[[[-3.43867,48.89775],[-3.43924,48.89916],[-3.43564,48.90064],[-3.43867,48.89775]]],[[[-2.9821,48.79606],[-2.98283,48.79951],[-2.97941,48.79827],[-2.9821,48.79606]]],[[[-2.97847,48.84564],[-2.98093,48.84684],[-2.98025,48.84831],[-2.97847,48.84564]]],[[[-2.9812,48.85845],[-2.98332,48.85903],[-2.98118,48.8608],[-2.9812,48.85845]]],[[[-3.4921,48.87767],[-3.49495,48.87909],[-3.49082,48.88012],[-3.4921,48.87767]]],[[[-2.95101,48.77991],[-2.94676,48.78055],[-2.94803,48.77841],[-2.95101,48.77991]]],[[[-3.01977,48.83916],[-3.02109,48.84442],[-3.01613,48.84465],[-3.01977,48.83916]]],[[[-2.98531,48.84452],[-2.98863,48.84864],[-2.98619,48.84885],[-2.98531,48.84452]]],[[[-2.99084,48.83817],[-2.99227,48.8399],[-2.98856,48.84035],[-2.99084,48.83817]]],[[[-2.19377,48.61835],[-2.18927,48.62704],[-2.18678,48.62281],[-2.19377,48.61835]]],[[[-3.00232,48.83632],[-3.01153,48.84247],[-2.98916,48.86381],[-3.00232,48.83632]]],[[[-3.58388,48.79409],[-3.58511,48.80441],[-3.56317,48.80537],[-3.58388,48.79409]]],[[[-3.59205,48.76589],[-3.60344,48.77097],[-3.59585,48.76979],[-3.59205,48.76589]]],[[[-3.59313,48.79551],[-3.59962,48.7967],[-3.59544,48.80102],[-3.59313,48.79551]]],[[[-3.60637,48.7937],[-3.61221,48.79532],[-3.60766,48.79602],[-3.60637,48.7937]]],[[[-3.01954,48.83448],[-3.02172,48.83762],[-3.01827,48.83675],[-3.01954,48.83448]]],[[[-3.57671,48.79519],[-3.57922,48.79627],[-3.57692,48.79753],[-3.57671,48.79519]]],[[[-3.1839,48.86442],[-3.19486,48.87321],[-3.1854,48.87485],[-3.1839,48.86442]]],[[[-3.40674,48.83058],[-3.40883,48.83806],[-3.40536,48.83639],[-3.40674,48.83058]]],[[[-3.03963,48.85919],[-3.04463,48.86062],[-3.03202,48.8627],[-3.03963,48.85919]]],[[[-3.27886,48.84372],[-3.28435,48.84512],[-3.2814,48.84685],[-3.27886,48.84372]]],[[[-3.19529,48.8631],[-3.19823,48.86431],[-3.19635,48.86773],[-3.19529,48.8631]]],[[[-3.30211,48.84506],[-3.30581,48.84645],[-3.30357,48.84773],[-3.30211,48.84506]]],[[[-3.26046,48.8495],[-3.26231,48.85455],[-3.25928,48.8542],[-3.26046,48.8495]]],[[[-3.2029,48.84987],[-3.20428,48.85419],[-3.2021,48.85371],[-3.2029,48.84987]]],[[[-3.55581,48.80083],[-3.55695,48.80293],[-3.55436,48.8019],[-3.55581,48.80083]]],[[[-3.30698,48.84459],[-3.31007,48.8466],[-3.30743,48.84741],[-3.30698,48.84459]]],[[[-3.2935,48.84386],[-3.2982,48.84553],[-3.29444,48.84557],[-3.2935,48.84386]]],[[[-3.27253,48.8384],[-3.27403,48.83905],[-3.27237,48.84075],[-3.27253,48.8384]]],[[[-3.29265,48.83745],[-3.29536,48.83867],[-3.29379,48.8392],[-3.29265,48.83745]]],[[[-2.12371,48.60441],[-2.09506,48.57387],[-2.0448,48.5642],[-2.04621,48.54401],[-2.00924,48.56489],[-1.9755,48.54515],[-1.9928,48.52332],[-1.98347,48.50481],[-2.00166,48.49173],[-1.96793,48.52346],[-1.94818,48.51917],[-1.93476,48.54863],[-1.92194,48.54375],[-1.909,48.48155],[-1.95054,48.44243],[-1.93084,48.34937],[-1.95927,48.34211],[-1.96462,48.29039],[-1.99827,48.29698],[-2.0141,48.27953],[-2.05329,48.29833],[-2.10521,48.27423],[-2.10293,48.25927],[-2.17952,48.24992],[-2.18505,48.21559],[-2.22297,48.21138],[-2.22851,48.16509],[-2.24897,48.1566],[-2.2354,48.14929],[-2.26685,48.15175],[-2.32303,48.12197],[-2.36647,48.11582],[-2.41845,48.17282],[-2.53217,48.15782],[-2.51628,48.13112],[-2.5523,48.08146],[-2.6204,48.03941],[-2.65567,48.03448],[-2.67038,48.04841],[-2.65231,48.11878],[-2.66744,48.13287],[-2.71281,48.11259],[-2.755,48.1154],[-2.7731,48.08637],[-2.7811,48.11814],[-2.81454,48.14628],[-2.8508,48.14117],[-2.93802,48.1704],[-2.99048,48.16086],[-3.01984,48.1912],[-3.07801,48.21088],[-3.13053,48.19602],[-3.1482,48.16062],[-3.19155,48.16476],[-3.21115,48.14432],[-3.31812,48.14885],[-3.33667,48.16851],[-3.41997,48.14827],[-3.43869,48.15984],[-3.42151,48.17159],[-3.44215,48.18518],[-3.55857,48.18151],[-3.56667,48.19003],[-3.52235,48.1886],[-3.55778,48.22853],[-3.52874,48.25205],[-3.52606,48.28557],[-3.55303,48.2926],[-3.52505,48.31693],[-3.54804,48.31338],[-3.55326,48.37521],[-3.60552,48.38654],[-3.60097,48.41904],[-3.55111,48.4468],[-3.59315,48.46392],[-3.60454,48.49579],[-3.54483,48.53568],[-3.59603,48.55509],[-3.59161,48.58256],[-3.6366,48.59328],[-3.66208,48.64796],[-3.62701,48.68535],[-3.6037,48.66887],[-3.57298,48.67492],[-3.58156,48.72079],[-3.55537,48.72751],[-3.55031,48.74816],[-3.58499,48.75701],[-3.58571,48.77618],[-3.53518,48.80203],[-3.53963,48.81994],[-3.51957,48.81898],[-3.52597,48.82807],[-3.50352,48.8387],[-3.50886,48.83004],[-3.43335,48.81869],[-3.44056,48.79831],[-3.42951,48.79737],[-3.31934,48.83803],[-3.26956,48.8339],[-3.22659,48.86802],[-3.20346,48.82551],[-3.22303,48.78741],[-3.16794,48.85315],[-3.07779,48.87849],[-3.09804,48.8685],[-3.07666,48.85919],[-3.08648,48.86346],[-3.0974,48.83463],[-3.07529,48.83158],[-3.12392,48.76344],[-3.1022,48.76632],[-3.06828,48.82123],[-3.00795,48.81813],[-3.00862,48.80416],[-3.04566,48.78754],[-3.00994,48.78215],[-3.01679,48.76849],[-2.9332,48.75747],[-2.94115,48.71878],[-2.82651,48.65189],[-2.82386,48.59721],[-2.71696,48.55533],[-2.7248,48.54691],[-2.68581,48.49336],[-2.67933,48.53353],[-2.63819,48.5238],[-2.55353,48.59111],[-2.47343,48.62252],[-2.48854,48.64378],[-2.44185,48.65111],[-2.41256,48.6349],[-2.31772,48.68865],[-2.30884,48.66982],[-2.28578,48.66766],[-2.3336,48.62272],[-2.31206,48.61117],[-2.24742,48.64605],[-2.25617,48.6357],[-2.21062,48.58249],[-2.19262,48.60565],[-2.18338,48.57786],[-2.16366,48.58294],[-2.16706,48.60383],[-2.14895,48.61855],[-2.12371,48.60441]]]]}},{"type":"Feature","properties":{"code":"23","nom":"Creuse"},"geometry":{"type":"Polygon","coordinates":[[[2.16779,46.42407],[2.28105,46.42041],[2.28582,46.38811],[2.3351,46.37323],[2.30541,46.35573],[2.31354,46.33508],[2.36204,46.31339],[2.39186,46.32998],[2.426,46.28471],[2.44303,46.295],[2.48076,46.28101],[2.52805,46.18633],[2.56062,46.16684],[2.55315,46.08053],[2.60089,46.03405],[2.59322,45.99299],[2.61087,45.97415],[2.56357,45.95559],[2.56991,45.94721],[2.54405,45.92841],[2.5554,45.91372],[2.4923,45.86723],[2.44999,45.86628],[2.44996,45.84941],[2.39322,45.82971],[2.44701,45.7572],[2.49158,45.74221],[2.43586,45.69928],[2.3517,45.71007],[2.32094,45.66859],[2.2761,45.66502],[2.27159,45.68535],[2.22363,45.69584],[2.21152,45.71283],[2.20013,45.69883],[2.16741,45.73477],[2.14702,45.72268],[2.09027,45.73049],[2.05529,45.76279],[2.00152,45.74879],[1.98741,45.72146],[1.89311,45.70275],[1.88637,45.72688],[1.87566,45.72414],[1.87856,45.75299],[1.8988,45.76117],[1.8809,45.79771],[1.83177,45.82516],[1.81927,45.81242],[1.77648,45.83277],[1.76567,45.86947],[1.72053,45.8413],[1.65992,45.8338],[1.60775,45.85637],[1.5946,45.8817],[1.61585,45.89214],[1.61604,45.88184],[1.62567,45.89976],[1.64124,45.89186],[1.62342,45.93384],[1.56952,45.91563],[1.50834,45.93769],[1.57647,45.981],[1.53325,46.00653],[1.54808,46.03671],[1.53267,46.05483],[1.54262,46.07353],[1.48796,46.10445],[1.50333,46.13146],[1.45989,46.14904],[1.45257,46.18115],[1.39718,46.18551],[1.37256,46.21603],[1.41808,46.24111],[1.40497,46.25711],[1.41466,46.27136],[1.43494,46.27188],[1.41968,46.27734],[1.44579,46.3314],[1.41215,46.3422],[1.52671,46.42686],[1.54428,46.41756],[1.5462,46.39346],[1.62001,46.42166],[1.61425,46.39953],[1.6424,46.38514],[1.67991,46.41676],[1.72704,46.39021],[1.76027,46.42714],[1.74976,46.44782],[1.78249,46.45483],[1.83978,46.42572],[1.97811,46.43977],[2.09226,46.40914],[2.16779,46.42407]]]}},{"type":"Feature","properties":{"code":"24","nom":"Dordogne"},"geometry":{"type":"Polygon","coordinates":[[[0.62974,45.71457],[0.65539,45.68859],[0.71899,45.69587],[0.77707,45.66475],[0.75234,45.61666],[0.8115,45.57587],[0.84018,45.5813],[0.8665,45.61984],[0.89185,45.60218],[1.01718,45.61124],[1.04207,45.58598],[1.0381,45.56973],[1.08044,45.53603],[1.11956,45.54748],[1.16481,45.527],[1.11924,45.4773],[1.16193,45.47865],[1.18659,45.45529],[1.20982,45.46322],[1.24328,45.43643],[1.29405,45.43413],[1.25656,45.40723],[1.27497,45.40341],[1.27993,45.38388],[1.29587,45.39523],[1.32403,45.38169],[1.26889,45.32599],[1.2432,45.32184],[1.22869,45.27685],[1.2785,45.25014],[1.22851,45.20307],[1.28959,45.18887],[1.25756,45.16689],[1.29381,45.13893],[1.4129,45.12508],[1.38552,45.10503],[1.44175,45.02182],[1.40927,45.006],[1.44196,44.9209],[1.41968,44.90404],[1.44253,44.8797],[1.36595,44.84579],[1.36595,44.81518],[1.29827,44.79619],[1.29624,44.77781],[1.32021,44.75517],[1.29856,44.72591],[1.27204,44.7227],[1.22455,44.68427],[1.14882,44.67028],[1.15379,44.63941],[1.09459,44.59234],[1.10321,44.57173],[0.97618,44.64173],[0.84088,44.60035],[0.82233,44.62369],[0.85244,44.66898],[0.79773,44.70177],[0.76307,44.67857],[0.66032,44.67623],[0.63087,44.70609],[0.57715,44.69402],[0.55075,44.66558],[0.51063,44.67828],[0.42341,44.64868],[0.3588,44.65911],[0.34625,44.7225],[0.27412,44.78461],[0.26372,44.82641],[0.31261,44.84307],[0.28516,44.86456],[0.24409,44.87183],[0.18874,44.82008],[0.1148,44.81986],[0.09871,44.83297],[0.05211,44.82445],[0.02106,44.84977],[-0.02946,44.8518],[0.03145,44.91204],[0.00325,44.94744],[0.07277,45.06876],[0.03611,45.11588],[-0.04199,45.11242],[-0.03705,45.13903],[0.00023,45.15127],[-0.01838,45.16169],[0.00775,45.20202],[0.05837,45.22587],[0.1361,45.21004],[0.22013,45.28508],[0.2643,45.29645],[0.24964,45.3684],[0.27481,45.42449],[0.31772,45.43572],[0.3022,45.45609],[0.32768,45.44494],[0.3817,45.48626],[0.42833,45.48608],[0.45261,45.52482],[0.5036,45.55037],[0.51322,45.63359],[0.56793,45.63555],[0.62974,45.71457]]]}},{"type":"Feature","properties":{"code":"25","nom":"Doubs"},"geometry":{"type":"Polygon","coordinates":[[[6.80701,47.5628],[6.82535,47.54677],[6.88347,47.55533],[6.94965,47.50869],[6.94683,47.48759],[6.9086,47.49523],[6.94054,47.43337],[6.93838,47.40602],[6.8854,47.3746],[6.87896,47.35345],[7.01556,47.37279],[7.06221,47.34416],[7.01611,47.32545],[6.99914,47.2971],[6.94087,47.28509],[6.95541,47.24329],[6.84117,47.17126],[6.85017,47.15662],[6.70384,47.08226],[6.69167,47.06651],[6.71106,47.05433],[6.69663,47.0374],[6.61733,46.99164],[6.49669,46.97418],[6.43928,46.93085],[6.46458,46.89021],[6.46006,46.85168],[6.431,46.81241],[6.45857,46.7885],[6.43018,46.75672],[6.28533,46.69124],[6.11162,46.5776],[6.13811,46.55766],[6.04857,46.60772],[6.10054,46.64853],[6.07153,46.68668],[6.17748,46.73996],[6.20525,46.76924],[6.10556,46.8453],[6.0227,46.85259],[6.03118,46.87281],[6.00578,46.87305],[6.00843,46.89555],[5.98134,46.90791],[5.99371,46.93034],[5.95654,46.9485],[5.97518,46.9733],[5.94368,46.98119],[5.94954,46.99005],[5.91975,46.98644],[5.91869,47.00908],[5.88896,46.99663],[5.81623,47.01672],[5.81014,47.04681],[5.76316,47.01139],[5.74441,47.02176],[5.73696,47.04981],[5.78088,47.05368],[5.76855,47.08944],[5.82125,47.13868],[5.80958,47.17037],[5.72701,47.21762],[5.70919,47.26829],[5.74187,47.26423],[5.78128,47.2894],[5.90243,47.31548],[5.90292,47.33392],[5.92449,47.32758],[5.92443,47.34155],[5.98937,47.32762],[6.07494,47.35123],[6.08149,47.37087],[6.10945,47.36046],[6.11976,47.36647],[6.10329,47.37974],[6.12063,47.39562],[6.16294,47.38928],[6.20045,47.42914],[6.24381,47.41242],[6.23435,47.42463],[6.28717,47.44616],[6.29916,47.48322],[6.33435,47.50597],[6.39004,47.50593],[6.40434,47.52087],[6.46349,47.51212],[6.47098,47.49041],[6.50057,47.51025],[6.55384,47.49031],[6.57926,47.50829],[6.57498,47.53809],[6.65045,47.53864],[6.66815,47.55514],[6.66006,47.5799],[6.76837,47.53775],[6.80701,47.5628]]]}},{"type":"Feature","properties":{"code":"26","nom":"Drôme"},"geometry":{"type":"Polygon","coordinates":[[[4.80049,45.29836],[4.85641,45.30828],[4.87971,45.29693],[4.99126,45.34327],[5.01986,45.32012],[5.05432,45.31905],[5.07089,45.28482],[5.13371,45.29836],[5.12143,45.24834],[5.15823,45.25555],[5.19802,45.22108],[5.16485,45.20047],[5.18857,45.17127],[5.18401,45.1183],[5.13468,45.07484],[5.16714,45.06668],[5.18334,45.08488],[5.20821,45.08422],[5.24458,45.06067],[5.3348,45.0608],[5.38871,45.03523],[5.38105,45.05123],[5.41142,45.04529],[5.47878,45.08523],[5.48855,45.07907],[5.46523,45.04354],[5.48836,44.98966],[5.46416,44.79243],[5.55453,44.76747],[5.54414,44.78893],[5.55778,44.78953],[5.65226,44.72265],[5.71492,44.71929],[5.7525,44.69851],[5.82036,44.70364],[5.83044,44.69055],[5.79062,44.65329],[5.75688,44.6611],[5.72804,44.6392],[5.64803,44.65225],[5.64619,44.60938],[5.59725,44.54327],[5.66293,44.50527],[5.62979,44.50119],[5.61631,44.47271],[5.46149,44.4993],[5.46468,44.4504],[5.49772,44.43815],[5.49362,44.42822],[5.4184,44.42477],[5.44303,44.39124],[5.43832,44.3674],[5.45882,44.36851],[5.4892,44.33998],[5.52137,44.35108],[5.541,44.33115],[5.63082,44.33299],[5.60808,44.30851],[5.64194,44.29502],[5.64524,44.27443],[5.68377,44.26944],[5.67342,44.24821],[5.68642,44.19464],[5.64327,44.17072],[5.68272,44.16322],[5.67899,44.15162],[5.63114,44.15058],[5.63722,44.16234],[5.61414,44.18381],[5.57619,44.18804],[5.56951,44.1481],[5.50482,44.11627],[5.46123,44.11814],[5.43567,44.15085],[5.38276,44.16048],[5.3863,44.18565],[5.35991,44.21175],[5.30253,44.20856],[5.24923,44.23137],[5.23082,44.21193],[5.20673,44.21376],[5.1549,44.23094],[5.16073,44.26655],[5.14828,44.27996],[5.17314,44.30951],[5.16007,44.31285],[5.10789,44.2809],[5.07056,44.28922],[5.06056,44.30814],[4.92308,44.26113],[4.87905,44.26148],[4.81738,44.2297],[4.78749,44.31358],[4.64973,44.33302],[4.66544,44.42453],[4.70038,44.45991],[4.6882,44.5055],[4.70702,44.53084],[4.69277,44.55854],[4.71195,44.58259],[4.73846,44.58699],[4.77777,44.65095],[4.76622,44.77863],[4.81906,44.81599],[4.88659,44.93665],[4.83767,45.00479],[4.86075,45.05543],[4.83165,45.07027],[4.82996,45.09731],[4.80323,45.12502],[4.82444,45.14838],[4.8055,45.19699],[4.80049,45.29836]],[[4.89291,44.36482],[4.87264,44.35015],[4.89533,44.33806],[4.89156,44.31037],[4.97965,44.29748],[5.02598,44.36228],[5.06758,44.37443],[4.97308,44.43153],[4.91437,44.40194],[4.89291,44.36482]]]}},{"type":"Feature","properties":{"code":"27","nom":"Eure"},"geometry":{"type":"Polygon","coordinates":[[[0.29722,49.42986],[0.50252,49.48511],[0.59526,49.42947],[0.64645,49.44098],[0.6303,49.42738],[0.66093,49.40275],[0.76487,49.41958],[0.78307,49.41075],[0.80284,49.42732],[0.82656,49.39504],[0.87688,49.39628],[0.89289,49.37219],[0.91278,49.38441],[0.93199,49.34501],[0.84439,49.32934],[0.91045,49.29853],[0.93525,49.31992],[0.96343,49.29453],[0.95621,49.27471],[1.00843,49.26282],[1.00554,49.25079],[1.0607,49.25879],[1.05638,49.30052],[1.13399,49.30984],[1.16463,49.34293],[1.27159,49.34624],[1.31094,49.40325],[1.31036,49.42667],[1.3907,49.46227],[1.38416,49.45415],[1.47719,49.45133],[1.53612,49.43228],[1.5762,49.44005],[1.61194,49.40994],[1.65146,49.40294],[1.73588,49.40647],[1.72814,49.39815],[1.76096,49.36621],[1.77577,49.29952],[1.79754,49.28845],[1.79915,49.26798],[1.79055,49.24657],[1.76738,49.25177],[1.75869,49.27236],[1.70917,49.26446],[1.62332,49.08608],[1.56107,49.07012],[1.51239,49.08384],[1.5033,49.0591],[1.45529,49.0573],[1.45776,49.02629],[1.48048,49.00115],[1.4617,48.98887],[1.51839,48.97835],[1.4919,48.96441],[1.511,48.95357],[1.49013,48.93615],[1.46131,48.93756],[1.46536,48.8776],[1.35876,48.82827],[1.36878,48.78226],[1.32118,48.76066],[1.24215,48.76946],[1.22305,48.75798],[1.12897,48.78842],[1.11184,48.74619],[1.05907,48.75676],[1.01407,48.7281],[0.9212,48.70918],[0.89057,48.7204],[0.85879,48.68556],[0.77736,48.66777],[0.76787,48.69502],[0.7318,48.7032],[0.76936,48.7339],[0.75843,48.76797],[0.61029,48.83131],[0.6359,48.85364],[0.60939,48.85333],[0.58728,48.891],[0.54323,48.87552],[0.44311,48.88128],[0.44928,48.88948],[0.42492,48.88642],[0.3867,48.91815],[0.44563,49.01396],[0.3671,49.0524],[0.37857,49.07058],[0.4149,49.0748],[0.4028,49.10761],[0.40827,49.12858],[0.42948,49.1368],[0.38924,49.15259],[0.38805,49.21428],[0.32364,49.24762],[0.38279,49.26402],[0.38119,49.2868],[0.309,49.28322],[0.31936,49.30247],[0.29815,49.31441],[0.32251,49.33763],[0.30456,49.36405],[0.29722,49.42986]]]}},{"type":"Feature","properties":{"code":"28","nom":"Eure-et-Loir"},"geometry":{"type":"Polygon","coordinates":[[[0.81482,48.67017],[0.85633,48.68587],[0.87543,48.71503],[1.03403,48.72846],[1.06444,48.75939],[1.06968,48.74879],[1.11865,48.75459],[1.1214,48.78919],[1.21863,48.75997],[1.32753,48.7604],[1.37696,48.79177],[1.35924,48.81361],[1.36626,48.83503],[1.46062,48.8723],[1.47088,48.89446],[1.45263,48.91869],[1.47151,48.93965],[1.51109,48.93541],[1.55725,48.89158],[1.54623,48.87243],[1.59347,48.84101],[1.57529,48.79115],[1.58146,48.76552],[1.62305,48.74983],[1.58476,48.70501],[1.61177,48.68947],[1.6086,48.65899],[1.6432,48.65129],[1.65991,48.61893],[1.71466,48.61468],[1.70925,48.57802],[1.76533,48.56937],[1.78417,48.54482],[1.77684,48.50931],[1.81147,48.46627],[1.83659,48.46709],[1.86911,48.44134],[1.90426,48.43861],[1.92326,48.45338],[1.94033,48.44166],[1.92837,48.40605],[1.97824,48.402],[1.9676,48.38168],[1.98307,48.36874],[1.98234,48.32832],[1.95923,48.30869],[1.98985,48.28643],[1.96232,48.24687],[1.9796,48.2039],[1.97083,48.18999],[1.95112,48.19505],[1.97002,48.17835],[1.91568,48.16597],[1.9148,48.13391],[1.86567,48.08386],[1.80921,48.08672],[1.74501,48.06388],[1.68893,48.07796],[1.67048,48.06237],[1.62819,48.06917],[1.59412,48.0307],[1.54531,48.04459],[1.55081,48.03523],[1.51597,48.02969],[1.51828,47.98684],[1.43261,48.00853],[1.42831,47.97405],[1.38521,47.98031],[1.37273,47.95921],[1.30863,47.95385],[1.24822,47.97822],[1.19346,47.97059],[1.20263,47.97738],[1.16663,48.02739],[1.12271,48.03598],[1.10319,48.08109],[0.99552,48.08919],[1.04809,48.12377],[1.03983,48.12979],[1.0056,48.13089],[0.9489,48.09796],[0.92993,48.11207],[0.84155,48.10307],[0.85203,48.13157],[0.91367,48.13504],[0.91146,48.14697],[0.79562,48.18804],[0.8259,48.22072],[0.7911,48.26558],[0.80707,48.28973],[0.76117,48.2985],[0.76248,48.31038],[0.79353,48.34234],[0.90903,48.37026],[0.97649,48.44111],[0.93724,48.46721],[0.95371,48.48027],[0.94403,48.49625],[0.95706,48.52573],[0.92285,48.53844],[0.92814,48.5573],[0.86909,48.57257],[0.84668,48.60637],[0.81717,48.61546],[0.81482,48.67017]]]}},{"type":"Feature","properties":{"code":"29","nom":"Finistère"},"geometry":{"type":"MultiPolygon","coordinates":[[[[-4.0004,47.72283],[-4.00391,47.72264],[-3.9976,47.72519],[-4.0004,47.72283]]],[[[-3.99181,48.7364],[-4.03559,48.74207],[-4.01505,48.75216],[-3.99181,48.7364]]],[[[-3.957,47.71206],[-3.95924,47.71632],[-3.95137,47.72157],[-3.957,47.71206]]],[[[-4.01058,47.71578],[-4.01192,47.71909],[-4.00718,47.71696],[-4.01058,47.71578]]],[[[-4.02902,47.77405],[-4.02715,47.77799],[-4.02052,47.77678],[-4.02902,47.77405]]],[[[-4.846,48.03154],[-4.86798,48.03963],[-4.84963,48.03836],[-4.846,48.03154]]],[[[-3.99706,47.70114],[-4.00214,47.70776],[-3.99277,47.70827],[-3.99706,47.70114]]],[[[-3.79886,47.78308],[-3.803,47.78417],[-3.7995,47.78458],[-3.79886,47.78308]]],[[[-5.01189,48.42399],[-5.01406,48.42578],[-5.01043,48.43027],[-5.01189,48.42399]]],[[[-4.63347,48.59991],[-4.63738,48.60015],[-4.63672,48.60227],[-4.63347,48.59991]]],[[[-4.05985,48.70267],[-4.07164,48.70471],[-4.06418,48.70662],[-4.05985,48.70267]]],[[[-4.17813,47.85103],[-4.1935,47.8642],[-4.18202,47.86733],[-4.17813,47.85103]]],[[[-4.17666,47.84074],[-4.18414,47.846],[-4.1815,47.84742],[-4.17666,47.84074]]],[[[-4.18354,47.84875],[-4.18667,47.85019],[-4.18371,47.85067],[-4.18354,47.84875]]],[[[-4.33721,48.10015],[-4.3392,48.10301],[-4.33544,48.10164],[-4.33721,48.10015]]],[[[-4.53754,48.30184],[-4.53617,48.30419],[-4.53505,48.30291],[-4.53754,48.30184]]],[[[-4.5308,48.30352],[-4.52972,48.30644],[-4.52867,48.30524],[-4.5308,48.30352]]],[[[-4.9592,48.38941],[-4.96613,48.39927],[-4.95344,48.39607],[-4.9592,48.38941]]],[[[-4.98237,48.41991],[-4.98127,48.41703],[-4.98546,48.41689],[-4.98237,48.41991]]],[[[-4.78746,48.43734],[-4.79013,48.43798],[-4.7887,48.43889],[-4.78746,48.43734]]],[[[-4.61628,48.58497],[-4.61951,48.58531],[-4.61625,48.58677],[-4.61628,48.58497]]],[[[-4.86234,48.3413],[-4.85773,48.35072],[-4.84159,48.35491],[-4.86234,48.3413]]],[[[-4.89439,48.37236],[-4.90978,48.37322],[-4.89796,48.37588],[-4.89439,48.37236]]],[[[-4.94482,48.36993],[-4.93523,48.37534],[-4.93368,48.37299],[-4.94482,48.36993]]],[[[-4.94984,48.39787],[-4.95258,48.40083],[-4.94747,48.40259],[-4.94984,48.39787]]],[[[-4.89782,48.37814],[-4.90021,48.38301],[-4.89731,48.3803],[-4.89782,48.37814]]],[[[-3.92245,48.6796],[-3.92683,48.6808],[-3.92604,48.69673],[-3.92245,48.6796]]],[[[-4.57115,48.6051],[-4.5742,48.60799],[-4.56926,48.60762],[-4.57115,48.6051]]],[[[-4.55386,48.6273],[-4.55655,48.62902],[-4.55168,48.62927],[-4.55386,48.6273]]],[[[-4.5682,48.63739],[-4.57067,48.63797],[-4.56969,48.64019],[-4.5682,48.63739]]],[[[-4.593,48.62228],[-4.59474,48.62543],[-4.59299,48.6255],[-4.593,48.62228]]],[[[-4.4044,48.63862],[-4.40598,48.6393],[-4.40351,48.64049],[-4.4044,48.63862]]],[[[-4.27801,48.28186],[-4.28104,48.28232],[-4.2784,48.28482],[-4.27801,48.28186]]],[[[-3.65914,48.65921],[-3.6366,48.59328],[-3.59161,48.58256],[-3.59923,48.56024],[-3.54795,48.54028],[-3.60224,48.49704],[-3.60755,48.47727],[-3.55357,48.45376],[-3.59889,48.4232],[-3.60768,48.38832],[-3.55741,48.37942],[-3.5486,48.3211],[-3.51853,48.31886],[-3.54641,48.29845],[-3.52046,48.27698],[-3.52422,48.25708],[-3.55748,48.23062],[-3.52047,48.19226],[-3.6933,48.1518],[-3.72913,48.10441],[-3.70319,48.09781],[-3.70871,48.06681],[-3.67529,48.0593],[-3.64011,47.98773],[-3.53344,47.98885],[-3.49399,47.97582],[-3.46953,47.94772],[-3.41688,47.97432],[-3.38808,47.92929],[-3.41542,47.90685],[-3.40401,47.86616],[-3.44831,47.8632],[-3.45441,47.8418],[-3.4843,47.82624],[-3.54219,47.85666],[-3.52125,47.79887],[-3.53694,47.76611],[-3.64006,47.77358],[-3.64226,47.78826],[-3.68316,47.77776],[-3.72213,47.80203],[-3.64656,47.82271],[-3.69659,47.82099],[-3.69552,47.83106],[-3.73046,47.80344],[-3.74899,47.84514],[-3.7579,47.83579],[-3.74158,47.7983],[-3.85605,47.78961],[-3.8985,47.8334],[-3.8843,47.85852],[-3.90921,47.85033],[-3.94745,47.90024],[-3.96816,47.89615],[-3.97729,47.90968],[-3.99182,47.89708],[-3.97468,47.85537],[-4.03565,47.8479],[-4.08292,47.86187],[-4.04696,47.85166],[-4.07895,47.87661],[-4.07836,47.86573],[-4.10206,47.86591],[-4.14474,47.90934],[-4.10136,47.94319],[-4.07899,47.93652],[-4.08539,47.94998],[-4.10687,47.94216],[-4.09451,47.96143],[-4.11355,47.97581],[-4.10164,47.9716],[-4.11738,47.93151],[-4.14078,47.92634],[-4.15801,47.89569],[-4.17409,47.90748],[-4.13041,47.88997],[-4.11331,47.86204],[-4.16835,47.83975],[-4.17163,47.87437],[-4.20676,47.86622],[-4.16248,47.83395],[-4.17641,47.80505],[-4.26569,47.7906],[-4.36807,47.79625],[-4.37532,47.81636],[-4.34675,47.84477],[-4.36607,47.89362],[-4.42255,47.96244],[-4.53163,48.00941],[-4.53367,48.03223],[-4.496,48.0385],[-4.53323,48.03496],[-4.56027,48.00208],[-4.63689,48.02855],[-4.73449,48.03817],[-4.70788,48.04406],[-4.71631,48.06278],[-4.37735,48.1085],[-4.3083,48.09001],[-4.28347,48.10938],[-4.27281,48.14612],[-4.30285,48.19388],[-4.46391,48.23938],[-4.49527,48.23436],[-4.55413,48.16777],[-4.5528,48.20648],[-4.57156,48.23147],[-4.54329,48.24908],[-4.61931,48.25614],[-4.62944,48.2808],[-4.56693,48.28569],[-4.57642,48.31676],[-4.55541,48.33827],[-4.53443,48.34186],[-4.55959,48.30565],[-4.53577,48.28394],[-4.50769,48.31071],[-4.513,48.29707],[-4.49479,48.28165],[-4.41911,48.29313],[-4.39566,48.27471],[-4.2773,48.29658],[-4.26547,48.29294],[-4.28629,48.28314],[-4.25573,48.26358],[-4.26575,48.25912],[-4.2087,48.24197],[-4.11357,48.24456],[-4.11849,48.22113],[-4.10378,48.25095],[-4.14178,48.24218],[-4.24318,48.2566],[-4.27943,48.27782],[-4.18737,48.29524],[-4.27771,48.31146],[-4.25185,48.32321],[-4.32907,48.31497],[-4.30907,48.32738],[-4.31776,48.33481],[-4.27084,48.3532],[-4.32738,48.34098],[-4.3197,48.35854],[-4.3808,48.32571],[-4.41524,48.32423],[-4.39636,48.34084],[-4.45259,48.32606],[-4.42902,48.36562],[-4.2736,48.44344],[-4.40169,48.3896],[-4.43372,48.39639],[-4.43528,48.38339],[-4.48187,48.38252],[-4.61,48.33836],[-4.67583,48.35433],[-4.71666,48.3296],[-4.76619,48.32826],[-4.78093,48.35429],[-4.74608,48.36565],[-4.78263,48.36145],[-4.76091,48.37275],[-4.79153,48.41305],[-4.76645,48.46431],[-4.72629,48.47419],[-4.75929,48.47036],[-4.7771,48.4962],[-4.75296,48.54392],[-4.63502,48.57595],[-4.51423,48.54969],[-4.58396,48.56202],[-4.60742,48.59761],[-4.53645,48.59598],[-4.48124,48.57299],[-4.55079,48.6041],[-4.56519,48.62552],[-4.40246,48.63734],[-4.43334,48.65153],[-4.34507,48.67721],[-4.29407,48.66174],[-4.31615,48.63775],[-4.30297,48.63297],[-4.27051,48.64953],[-4.2014,48.65182],[-4.22224,48.65793],[-4.18799,48.68568],[-4.13284,48.69506],[-4.0577,48.67468],[-4.0663,48.6833],[-4.04936,48.7053],[-4.00718,48.72363],[-4.0009,48.7118],[-3.986,48.7277],[-3.96506,48.72177],[-3.9703,48.68237],[-3.94998,48.67262],[-3.95436,48.61724],[-3.93894,48.60072],[-3.9505,48.65287],[-3.92281,48.67097],[-3.89012,48.66839],[-3.9021,48.65418],[-3.85858,48.62954],[-3.86119,48.60834],[-3.84598,48.62676],[-3.82072,48.62761],[-3.84543,48.62892],[-3.86442,48.67033],[-3.85346,48.66177],[-3.83093,48.7119],[-3.73263,48.70682],[-3.67607,48.68714],[-3.64461,48.69624],[-3.65914,48.65921]]],[[[-5.1026,48.43612],[-5.1143,48.43715],[-5.09469,48.44815],[-5.10363,48.45529],[-5.13399,48.44845],[-5.13319,48.45854],[-5.06641,48.48192],[-5.04387,48.46386],[-5.1026,48.43612]]],[[[-5.09629,48.47755],[-5.10224,48.48056],[-5.08996,48.47896],[-5.09629,48.47755]]],[[[-4.77512,48.52668],[-4.77691,48.5301],[-4.77334,48.53082],[-4.77512,48.52668]]]]}},{"type":"Feature","properties":{"code":"30","nom":"Gard"},"geometry":{"type":"Polygon","coordinates":[[[3.37365,44.17076],[3.44552,44.12863],[3.54334,44.11383],[3.6314,44.12129],[3.64931,44.14321],[3.62834,44.15317],[3.64965,44.18085],[3.67864,44.18276],[3.80108,44.12842],[3.87553,44.12654],[3.93231,44.18148],[3.97614,44.16925],[3.93657,44.19492],[3.95159,44.24635],[3.97417,44.25396],[3.93372,44.27572],[3.92494,44.30082],[3.94792,44.32755],[3.88586,44.38827],[3.94144,44.40033],[4.00736,44.4561],[4.0376,44.44572],[4.06123,44.40908],[4.04247,44.39464],[4.05406,44.35491],[4.03686,44.33077],[4.05621,44.31918],[4.13254,44.33224],[4.25373,44.26559],[4.33566,44.33968],[4.396,44.34334],[4.39538,44.29086],[4.44042,44.28342],[4.45762,44.34163],[4.50368,44.34419],[4.5587,44.30244],[4.63982,44.27999],[4.68016,44.21213],[4.70655,44.21443],[4.71993,44.18904],[4.70607,44.10775],[4.71995,44.08346],[4.76086,44.0863],[4.81838,44.01905],[4.8409,44.01293],[4.84438,43.98937],[4.8196,43.98838],[4.77902,43.93789],[4.64295,43.86326],[4.64146,43.85114],[4.66249,43.85256],[4.64602,43.83534],[4.65225,43.78805],[4.61228,43.72475],[4.62797,43.68845],[4.53985,43.70727],[4.4912,43.70056],[4.42617,43.62448],[4.46961,43.61413],[4.46289,43.59205],[4.33414,43.53545],[4.31138,43.55133],[4.32271,43.53044],[4.24316,43.50093],[4.23028,43.46019],[4.13209,43.48568],[4.1171,43.50559],[4.13912,43.5319],[4.08048,43.59016],[4.14386,43.58467],[4.19153,43.6399],[4.14478,43.73389],[4.1117,43.74018],[4.02678,43.80268],[3.96307,43.80443],[3.97258,43.83723],[3.92929,43.85497],[3.91116,43.88754],[3.8518,43.86763],[3.81116,43.87734],[3.82031,43.94241],[3.79648,43.94357],[3.78734,43.96687],[3.70212,43.96102],[3.67293,43.91218],[3.65005,43.91425],[3.63898,43.89646],[3.63086,43.91632],[3.61262,43.90504],[3.57684,43.86677],[3.59454,43.85609],[3.57371,43.84515],[3.53242,43.85739],[3.50531,43.89739],[3.43518,43.86296],[3.42597,43.86993],[3.44148,43.88752],[3.42282,43.91245],[3.36181,43.91015],[3.35891,43.95004],[3.40336,43.9693],[3.44855,44.01964],[3.39015,44.0535],[3.35184,44.0502],[3.33129,44.07576],[3.29471,44.0678],[3.26521,44.09026],[3.31565,44.10737],[3.33462,44.15882],[3.37365,44.17076]]]}},{"type":"Feature","properties":{"code":"31","nom":"Haute-Garonne"},"geometry":{"type":"Polygon","coordinates":[[[0.95398,43.78737],[1.09289,43.81234],[1.10932,43.79668],[1.14697,43.82196],[1.17936,43.79615],[1.21286,43.79288],[1.21156,43.76888],[1.27825,43.78757],[1.26789,43.79314],[1.27815,43.803],[1.36003,43.8172],[1.35707,43.83405],[1.30105,43.84525],[1.36463,43.85554],[1.36045,43.88642],[1.42872,43.86948],[1.47466,43.90211],[1.49881,43.88852],[1.55469,43.91872],[1.54849,43.89698],[1.56475,43.85708],[1.59256,43.84264],[1.59604,43.81232],[1.65013,43.79453],[1.65801,43.74623],[1.70645,43.71622],[1.66282,43.70576],[1.66357,43.69406],[1.71182,43.68983],[1.72885,43.66854],[1.69215,43.64184],[1.69703,43.62179],[1.83346,43.57823],[1.88772,43.51694],[1.94711,43.49321],[2.0087,43.48],[2.01434,43.50036],[2.04129,43.50191],[2.04068,43.51298],[2.04096,43.47991],[2.01814,43.47035],[2.01355,43.45041],[2.03915,43.42437],[1.99457,43.41079],[1.92781,43.42177],[1.89775,43.39636],[1.89768,43.41554],[1.85644,43.44327],[1.84234,43.41746],[1.81915,43.41313],[1.8261,43.39484],[1.80313,43.38907],[1.81254,43.34289],[1.72668,43.33989],[1.72891,43.31357],[1.70676,43.30517],[1.71629,43.29545],[1.69029,43.27437],[1.66965,43.27849],[1.64149,43.23683],[1.62943,43.25682],[1.57274,43.27414],[1.56501,43.25333],[1.54621,43.27738],[1.51873,43.26917],[1.51759,43.28942],[1.49722,43.29178],[1.48943,43.25842],[1.50402,43.22742],[1.4515,43.21231],[1.41925,43.22497],[1.42902,43.25425],[1.36774,43.30118],[1.37302,43.31014],[1.33388,43.31443],[1.30513,43.2982],[1.29547,43.26814],[1.38343,43.22868],[1.31461,43.18999],[1.22872,43.18684],[1.21574,43.1575],[1.27276,43.14856],[1.29749,43.12664],[1.2587,43.10643],[1.26112,43.09479],[1.22357,43.08593],[1.18985,43.13158],[1.13006,43.15207],[1.0868,43.1375],[1.05354,43.14545],[1.04134,43.10697],[1.00378,43.11377],[1.0046,43.08254],[0.9819,43.07359],[0.98904,43.02339],[1.02239,43.0102],[0.97374,42.97252],[0.87491,42.95778],[0.88602,42.9346],[0.83241,42.91999],[0.83577,42.87092],[0.86046,42.83263],[0.68474,42.8553],[0.66406,42.84207],[0.66969,42.80209],[0.65241,42.7877],[0.66681,42.7754],[0.64895,42.75862],[0.67891,42.72436],[0.67647,42.69101],[0.59732,42.70584],[0.49923,42.69206],[0.45189,42.73093],[0.47222,42.8704],[0.55981,42.86131],[0.6021,42.92953],[0.64504,42.9626],[0.61389,42.98202],[0.62772,42.99812],[0.60656,43.03462],[0.53304,43.0024],[0.53512,43.03705],[0.55797,43.0385],[0.56058,43.07064],[0.50257,43.10684],[0.45321,43.11125],[0.4643,43.11805],[0.44233,43.13091],[0.52193,43.19209],[0.51465,43.20711],[0.57095,43.21782],[0.56293,43.24746],[0.63626,43.29598],[0.61314,43.3095],[0.66287,43.32101],[0.71596,43.37797],[0.73566,43.37271],[0.75439,43.41389],[0.80223,43.40212],[0.82054,43.41698],[0.88811,43.41186],[0.94201,43.38341],[0.96252,43.38776],[0.98619,43.36423],[1.00232,43.37699],[0.99326,43.40946],[1.02416,43.4169],[1.02215,43.43785],[1.04414,43.45658],[1.02496,43.47039],[1.03224,43.48244],[1.07289,43.50442],[1.05163,43.5152],[1.07641,43.52692],[1.05801,43.53783],[1.08239,43.54647],[1.10391,43.53501],[1.20271,43.57785],[1.18045,43.61458],[1.15258,43.61141],[1.14014,43.64189],[1.09808,43.64094],[1.09496,43.66498],[1.05042,43.67458],[1.0657,43.70023],[0.9922,43.73786],[0.95398,43.78737]]]}},{"type":"Feature","properties":{"code":"32","nom":"Gers"},"geometry":{"type":"Polygon","coordinates":[[[0.07605,43.98314],[0.12808,43.99893],[0.13794,43.97688],[0.16103,43.97435],[0.16471,43.99499],[0.21404,44.02299],[0.29596,43.99373],[0.35647,44.01578],[0.38152,44.00638],[0.44365,44.03074],[0.45696,44.0526],[0.55547,44.05475],[0.57972,44.07656],[0.62031,44.06596],[0.6604,44.02542],[0.74787,44.06538],[0.76114,44.03099],[0.82911,44.0546],[0.85603,44.04154],[0.83956,44.02399],[0.81684,44.02689],[0.82607,43.99496],[0.76282,43.93028],[0.84262,43.91452],[0.86357,43.92356],[0.90169,43.9007],[0.88345,43.88016],[0.91027,43.854],[0.89524,43.8399],[0.92062,43.82383],[0.89768,43.78646],[0.94898,43.79177],[0.98926,43.73992],[1.06104,43.70396],[1.04874,43.67528],[1.09496,43.66498],[1.09808,43.64094],[1.14602,43.63628],[1.15865,43.60518],[1.18045,43.61458],[1.20271,43.57785],[1.11842,43.555],[1.09708,43.53322],[1.07823,43.54733],[1.05299,43.54097],[1.07522,43.52867],[1.05038,43.51578],[1.06999,43.50673],[1.02364,43.48028],[1.04052,43.46255],[1.02215,43.43785],[1.02994,43.42052],[0.99791,43.40911],[1.00232,43.37699],[0.98619,43.36423],[0.9082,43.40649],[0.8247,43.41545],[0.79792,43.40427],[0.74889,43.42052],[0.75366,43.38939],[0.73539,43.37341],[0.71381,43.37739],[0.64634,43.31189],[0.60875,43.31168],[0.4511,43.33981],[0.40966,43.33006],[0.39181,43.3556],[0.3358,43.34426],[0.32714,43.3727],[0.30662,43.36809],[0.29804,43.38811],[0.22721,43.36929],[0.17819,43.37512],[0.17599,43.39849],[0.1369,43.42209],[0.16076,43.45213],[0.13628,43.46616],[0.11212,43.51737],[0.04976,43.52248],[-0.00224,43.5704],[-0.01578,43.60466],[-0.07397,43.60631],[-0.10549,43.58141],[-0.15782,43.58145],[-0.17656,43.59683],[-0.24233,43.58342],[-0.24758,43.61171],[-0.28089,43.62243],[-0.24214,43.65506],[-0.25682,43.68319],[-0.2391,43.69395],[-0.2454,43.70326],[-0.19556,43.74576],[-0.21675,43.74965],[-0.2075,43.75608],[-0.22685,43.80472],[-0.19177,43.8101],[-0.20891,43.85767],[-0.19049,43.88075],[-0.23394,43.89107],[-0.22834,43.91145],[-0.1804,43.93409],[-0.12031,43.94152],[-0.09524,43.92946],[-0.08899,43.94899],[-0.07025,43.94494],[-0.03763,43.97853],[0.00549,43.95664],[-0.01151,43.92338],[0.0524,43.8992],[0.07215,43.91193],[0.05497,43.95696],[0.07605,43.98314]]]}},{"type":"Feature","properties":{"code":"33","nom":"Gironde"},"geometry":{"type":"MultiPolygon","coordinates":[[[[-1.23902,44.59278],[-1.22951,44.58872],[-1.2438,44.57299],[-1.23902,44.59278]]],[[[-1.02997,44.6492],[-1.0292,44.66125],[-1.01974,44.65698],[-1.02997,44.6492]]],[[[-1.02374,44.64416],[-1.02681,44.6502],[-1.02108,44.64713],[-1.02374,44.64416]]],[[[-1.17789,44.69736],[-1.18516,44.69722],[-1.17943,44.70398],[-1.17789,44.69736]]],[[[-1.18001,44.69279],[-1.18471,44.69512],[-1.18183,44.69683],[-1.18001,44.69279]]],[[[-1.02574,45.57469],[-0.84106,45.43508],[-0.77402,45.36921],[-0.75268,45.32177],[-0.59448,45.32114],[-0.58819,45.34034],[-0.56937,45.33024],[-0.56579,45.29593],[-0.47309,45.29393],[-0.41864,45.27385],[-0.42488,45.24962],[-0.40511,45.23982],[-0.42056,45.20944],[-0.38801,45.15083],[-0.33914,45.1671],[-0.31905,45.145],[-0.27536,45.1414],[-0.25853,45.1145],[-0.15409,45.08905],[-0.0877,45.12139],[-0.06357,45.09915],[0.00019,45.11931],[0.05152,45.10853],[0.07235,45.07469],[0.03589,45.01524],[0.04011,44.9935],[0.00325,44.94744],[0.03145,44.91204],[-0.02781,44.8567],[-0.01473,44.84909],[0.02106,44.84977],[0.03946,44.82749],[0.07495,44.81913],[0.09871,44.83297],[0.10965,44.81955],[0.18874,44.82008],[0.24175,44.85689],[0.23765,44.86924],[0.31228,44.84712],[0.26578,44.8165],[0.29733,44.76228],[0.25157,44.75022],[0.23347,44.76537],[0.20786,44.72427],[0.18417,44.74871],[0.14159,44.73729],[0.1334,44.70463],[0.11299,44.7119],[0.11328,44.68281],[0.18275,44.66136],[0.16521,44.63286],[0.14345,44.63685],[0.15114,44.6095],[0.09057,44.58691],[0.07227,44.55324],[0.00376,44.55057],[0.01786,44.53145],[-0.01751,44.49034],[0.00753,44.44714],[-0.00869,44.4123],[0.0236,44.37747],[-0.05843,44.36134],[-0.08575,44.33761],[-0.03481,44.29673],[-0.03411,44.27607],[-0.06427,44.24901],[-0.14069,44.2264],[-0.18896,44.26763],[-0.226,44.26478],[-0.22345,44.2059],[-0.27212,44.19381],[-0.38962,44.20948],[-0.38507,44.27912],[-0.42631,44.30068],[-0.43184,44.32258],[-0.51764,44.33911],[-0.5281,44.36465],[-0.63926,44.39942],[-0.62586,44.41765],[-0.6406,44.44942],[-0.67603,44.45733],[-0.69052,44.44118],[-0.72973,44.4482],[-0.84335,44.41818],[-0.91202,44.43694],[-1.02916,44.4227],[-0.9807,44.48288],[-0.98773,44.5083],[-1.02663,44.50712],[-1.08517,44.53219],[-1.10649,44.50282],[-1.25389,44.4676],[-1.25861,44.54713],[-1.21214,44.59951],[-1.19524,44.65719],[-1.15751,44.66267],[-1.14948,44.64741],[-1.09001,44.64131],[-1.01169,44.64943],[-1.02575,44.67689],[-1.06928,44.69624],[-1.0462,44.69224],[-1.05997,44.70972],[-1.16193,44.7749],[-1.23159,44.69463],[-1.25215,44.61773],[-1.26182,44.63558],[-1.16294,45.29583],[-1.15619,45.47611],[-1.08766,45.56414],[-1.02574,45.57469]]]]}},{"type":"Feature","properties":{"code":"34","nom":"Hérault"},"geometry":{"type":"MultiPolygon","coordinates":[[[[3.50066,43.2629],[3.50223,43.26419],[3.50355,43.2631],[3.50066,43.2629]]],[[[3.35836,43.91383],[3.42445,43.9116],[3.43518,43.86296],[3.5153,43.89466],[3.52619,43.85754],[3.57886,43.8436],[3.60087,43.84945],[3.57551,43.86539],[3.58234,43.8762],[3.62186,43.91497],[3.64227,43.89792],[3.64627,43.91083],[3.66979,43.91028],[3.68487,43.95331],[3.78734,43.96687],[3.79552,43.94228],[3.82031,43.94241],[3.82902,43.92451],[3.80369,43.87929],[3.83081,43.86642],[3.91116,43.88754],[3.92221,43.85981],[3.97174,43.8445],[3.96228,43.81002],[4.01857,43.80717],[4.10888,43.74206],[4.14302,43.73684],[4.19153,43.6399],[4.15052,43.58767],[4.07467,43.58859],[4.10815,43.57018],[4.10104,43.55437],[4.01119,43.55245],[3.93434,43.52794],[3.71581,43.40082],[3.64607,43.38477],[3.51302,43.27497],[3.39396,43.28588],[3.24416,43.21544],[3.18989,43.25033],[3.15758,43.24247],[3.14383,43.25833],[3.01705,43.2772],[3.00435,43.32013],[2.94694,43.31208],[2.89045,43.32808],[2.89017,43.36535],[2.86941,43.37499],[2.85715,43.37703],[2.87171,43.33475],[2.81271,43.32349],[2.81793,43.31024],[2.77979,43.26508],[2.75252,43.25459],[2.70491,43.27456],[2.69177,43.32065],[2.61708,43.28427],[2.58874,43.32924],[2.5407,43.34596],[2.56545,43.39721],[2.59472,43.4092],[2.57226,43.42038],[2.63217,43.4498],[2.63806,43.4668],[2.66042,43.4648],[2.65922,43.5158],[2.67244,43.51324],[2.6209,43.56087],[2.63097,43.58226],[2.61623,43.59512],[2.65193,43.65814],[2.7202,43.64537],[2.76377,43.61587],[2.81383,43.64105],[2.91396,43.6594],[2.93329,43.69526],[2.9908,43.70647],[3.06017,43.69294],[3.05257,43.74578],[3.07507,43.76657],[3.04857,43.8015],[3.05907,43.8309],[3.21144,43.81335],[3.25082,43.83686],[3.23658,43.86784],[3.26314,43.89279],[3.33846,43.89351],[3.35836,43.91383]]]]}},{"type":"Feature","properties":{"code":"35","nom":"Ille-et-Vilaine"},"geometry":{"type":"MultiPolygon","coordinates":[[[[-2.15926,48.6372],[-2.16176,48.6385],[-2.15857,48.63938],[-2.15926,48.6372]]],[[[-1.83982,48.70717],[-1.83923,48.7098],[-1.83556,48.71223],[-1.83982,48.70717]]],[[[-1.95373,48.69689],[-1.95481,48.6992],[-1.95253,48.69878],[-1.95373,48.69689]]],[[[-2.12371,48.60441],[-2.14615,48.62668],[-2.13753,48.63346],[-2.06216,48.64041],[-1.99578,48.58266],[-2.04435,48.54134],[-2.04756,48.56076],[-2.09221,48.57015],[-2.12371,48.60441]]],[[[-2.07416,48.67467],[-2.07352,48.67726],[-2.06783,48.67699],[-2.07416,48.67467]]],[[[-1.94804,48.53881],[-1.96048,48.53617],[-1.98704,48.58451],[-1.95465,48.57647],[-2.00844,48.59946],[-2.02896,48.64691],[-1.97465,48.68303],[-1.94468,48.68494],[-1.95395,48.68913],[-1.93712,48.70234],[-1.90757,48.69096],[-1.84548,48.70975],[-1.83643,48.68122],[-1.87212,48.64572],[-1.84255,48.61484],[-1.76107,48.6034],[-1.57109,48.62645],[-1.53722,48.59875],[-1.54102,48.57943],[-1.52287,48.57118],[-1.53449,48.55031],[-1.49097,48.49213],[-1.44357,48.48425],[-1.42291,48.46073],[-1.34635,48.47167],[-1.34176,48.48852],[-1.277,48.51433],[-1.27225,48.53392],[-1.24901,48.54366],[-1.07277,48.50796],[-1.06828,48.44887],[-1.08359,48.43373],[-1.05303,48.38097],[-1.06309,48.37139],[-1.04864,48.33339],[-1.10196,48.2625],[-1.05068,48.09405],[-1.02668,48.07048],[-1.035,48.03361],[-1.01714,48.00186],[-1.05029,47.98447],[-1.1248,47.98684],[-1.15827,47.95893],[-1.1931,47.89041],[-1.18905,47.87104],[-1.22305,47.85241],[-1.21631,47.83561],[-1.24459,47.77928],[-1.35911,47.79812],[-1.39465,47.82936],[-1.47487,47.83383],[-1.47054,47.80336],[-1.62363,47.76215],[-1.65561,47.71518],[-1.72206,47.69842],[-1.86401,47.70698],[-1.96506,47.67113],[-1.9717,47.69138],[-2.09704,47.63136],[-2.13147,47.72224],[-2.06621,47.73855],[-2.06076,47.7493],[-2.08432,47.74994],[-2.08472,47.76271],[-2.12279,47.76185],[-2.04705,47.81846],[-2.0547,47.86879],[-2.08661,47.84534],[-2.10945,47.84883],[-2.11532,47.89149],[-2.07878,47.91913],[-2.14376,47.98291],[-2.23913,47.99966],[-2.28293,47.99092],[-2.2796,48.02636],[-2.26132,48.04158],[-2.18878,48.05243],[-2.17145,48.06971],[-2.21554,48.08003],[-2.25612,48.06287],[-2.25361,48.1057],[-2.28417,48.1436],[-2.23688,48.14459],[-2.24633,48.15184],[-2.21923,48.19324],[-2.22824,48.21018],[-2.19041,48.20823],[-2.17331,48.2536],[-2.1066,48.25179],[-2.1094,48.26762],[-2.07949,48.29282],[-2.00217,48.28053],[-1.99316,48.29885],[-1.95805,48.29312],[-1.9669,48.34282],[-1.93343,48.35588],[-1.94724,48.37044],[-1.93679,48.42007],[-1.94855,48.43647],[-1.909,48.48155],[-1.92633,48.54597],[-1.94804,48.53881]]]]}},{"type":"Feature","properties":{"code":"36","nom":"Indre"},"geometry":{"type":"Polygon","coordinates":[[[1.32667,47.18623],[1.45807,47.23992],[1.52806,47.21925],[1.53761,47.25657],[1.59289,47.2577],[1.59243,47.27668],[1.65229,47.27278],[1.6446,47.2644],[1.6667,47.25716],[1.723,47.27197],[1.77611,47.23138],[1.79582,47.23782],[1.83908,47.21931],[1.84224,47.17758],[1.77642,47.13189],[1.79367,47.12091],[1.92336,47.10193],[1.98994,47.12666],[2.01175,47.09537],[2.04884,47.10676],[2.05566,47.07489],[2.03361,47.04929],[2.10886,46.99719],[2.07038,46.9344],[2.15483,46.91163],[2.13904,46.88857],[2.09241,46.86941],[2.08028,46.8414],[2.05146,46.83544],[2.11692,46.77693],[2.06859,46.75249],[2.09274,46.7243],[2.08696,46.71258],[2.15545,46.69216],[2.13867,46.66838],[2.18945,46.64214],[2.16008,46.55411],[2.20256,46.49173],[2.19316,46.47026],[2.15654,46.46153],[2.16779,46.42407],[2.09226,46.40914],[1.9819,46.43997],[1.83481,46.42808],[1.78652,46.45525],[1.74888,46.45097],[1.76027,46.42714],[1.71957,46.39026],[1.6836,46.41818],[1.63403,46.38878],[1.60925,46.42312],[1.55379,46.39433],[1.52191,46.4264],[1.42063,46.35106],[1.3458,46.40125],[1.31276,46.39429],[1.32214,46.38979],[1.30894,46.37271],[1.21964,46.36598],[1.21466,46.38706],[1.18437,46.3775],[1.20685,46.42514],[1.15047,46.45093],[1.13639,46.46932],[1.15194,46.47011],[1.13652,46.49307],[1.14914,46.5022],[1.13546,46.51412],[1.09133,46.53767],[1.02454,46.53593],[1.01905,46.56048],[0.91363,46.60066],[0.89638,46.63345],[0.91255,46.64962],[0.90324,46.67808],[0.92377,46.69282],[0.90562,46.72877],[0.87471,46.74435],[0.90876,46.75832],[0.95205,46.73721],[0.98035,46.75955],[1.01169,46.7578],[0.99084,46.79703],[1.03881,46.94235],[1.06437,46.95581],[1.05638,46.99644],[1.11026,47.02923],[1.1748,47.04138],[1.23209,47.01414],[1.27761,47.0404],[1.26901,47.04931],[1.31431,47.07963],[1.31672,47.10224],[1.34085,47.10061],[1.36536,47.12205],[1.32667,47.18623]]]}},{"type":"Feature","properties":{"code":"37","nom":"Indre-et-Loire"},"geometry":{"type":"Polygon","coordinates":[[[0.61443,47.69421],[0.63348,47.70894],[0.65412,47.6988],[0.64642,47.68986],[0.67384,47.69719],[0.70405,47.68296],[0.73565,47.69554],[0.82792,47.6768],[0.86325,47.69021],[0.84542,47.64429],[0.86034,47.60287],[0.89755,47.60415],[0.9272,47.62996],[0.98592,47.62068],[1.00015,47.58392],[1.03279,47.60813],[1.06346,47.56623],[1.07377,47.57134],[1.04529,47.53149],[1.07392,47.5121],[1.0854,47.46432],[1.13337,47.44895],[1.11376,47.42797],[1.08514,47.43],[1.12186,47.3837],[1.0986,47.32983],[1.10642,47.30077],[1.16232,47.27234],[1.22195,47.29411],[1.24364,47.28366],[1.36463,47.12996],[1.34908,47.10437],[1.31395,47.09876],[1.31271,47.07684],[1.25312,47.02177],[1.16142,47.03962],[1.07841,47.01585],[1.04988,46.98064],[1.06297,46.96206],[1.0361,46.94047],[1.00814,46.8118],[0.98617,46.80443],[1.0112,46.76716],[0.95638,46.73709],[0.90607,46.75883],[0.86747,46.74822],[0.82798,46.77682],[0.79484,46.84602],[0.75211,46.86087],[0.70432,46.90329],[0.69372,46.9732],[0.59056,47.00672],[0.56735,47.00012],[0.59747,46.97587],[0.59389,46.95638],[0.49508,46.95614],[0.43291,46.93182],[0.3622,46.94705],[0.318,46.9344],[0.29806,46.98359],[0.30893,47.04602],[0.27185,47.04639],[0.26794,47.06612],[0.24554,47.07129],[0.17997,47.05919],[0.17363,47.06803],[0.20095,47.09139],[0.18486,47.10824],[0.13908,47.10602],[0.14039,47.12387],[0.11924,47.12846],[0.07637,47.12393],[0.07839,47.14633],[0.0656,47.14306],[0.05383,47.16373],[0.05871,47.20615],[0.07631,47.21617],[0.07951,47.28278],[0.1473,47.34538],[0.14041,47.3618],[0.18296,47.38033],[0.15776,47.39889],[0.18528,47.42473],[0.18178,47.44735],[0.21911,47.50945],[0.19421,47.53751],[0.23434,47.57793],[0.2321,47.61082],[0.38449,47.57078],[0.39703,47.59219],[0.36421,47.62529],[0.38108,47.63907],[0.44652,47.61986],[0.46401,47.64561],[0.59688,47.67285],[0.61443,47.69421]]]}},{"type":"Feature","properties":{"code":"38","nom":"Isère"},"geometry":{"type":"Polygon","coordinates":[[[5.62375,45.61327],[5.67447,45.55905],[5.67377,45.53453],[5.71259,45.50747],[5.74019,45.4368],[5.7981,45.43818],[5.90471,45.39064],[5.92811,45.41547],[5.9036,45.40802],[5.92446,45.46273],[5.91657,45.47506],[5.97509,45.49164],[6.0314,45.44479],[6.12877,45.43626],[6.17388,45.39607],[6.18642,45.37308],[6.17033,45.35957],[6.1915,45.35397],[6.18679,45.31986],[6.1376,45.29076],[6.1257,45.24427],[6.16192,45.18841],[6.14783,45.15801],[6.18688,45.16308],[6.2619,45.14265],[6.25714,45.12218],[6.22885,45.10831],[6.23924,45.07514],[6.22008,45.06537],[6.20393,45.01247],[6.25176,44.9967],[6.32352,44.99907],[6.31543,44.97904],[6.329,44.94732],[6.35897,44.93664],[6.34806,44.85166],[6.2886,44.87406],[6.24869,44.85236],[6.1329,44.8645],[6.06131,44.82047],[6.01594,44.83548],[5.95743,44.80837],[5.98015,44.78118],[5.95247,44.76214],[5.88524,44.74711],[5.82709,44.75969],[5.82542,44.73673],[5.79029,44.70239],[5.75607,44.69594],[5.69997,44.7287],[5.65226,44.72265],[5.55152,44.79305],[5.55628,44.77022],[5.45855,44.79991],[5.48477,44.82306],[5.46607,44.84122],[5.47784,44.96621],[5.49359,44.99613],[5.46622,45.05369],[5.49045,45.07312],[5.48381,45.08168],[5.4579,45.08323],[5.40616,45.04449],[5.38884,45.05453],[5.38583,45.03463],[5.34256,45.05754],[5.24458,45.06067],[5.20821,45.08422],[5.1568,45.06599],[5.13845,45.07255],[5.18274,45.11694],[5.1918,45.15507],[5.16695,45.2043],[5.20171,45.2174],[5.15916,45.25504],[5.12089,45.24763],[5.1351,45.29014],[5.12448,45.29881],[5.07089,45.28482],[5.05911,45.31363],[5.02269,45.31776],[4.99262,45.34392],[4.88326,45.29923],[4.80694,45.30049],[4.76185,45.32406],[4.77401,45.35263],[4.74225,45.41759],[4.75582,45.44623],[4.87193,45.5329],[4.78208,45.58058],[4.85278,45.57888],[4.90415,45.60611],[4.97093,45.6132],[4.99796,45.60341],[4.98945,45.61853],[5.00475,45.62311],[5.03673,45.6129],[5.03673,45.6397],[5.06083,45.66642],[5.10813,45.68802],[5.10428,45.69829],[5.16021,45.71176],[5.06752,45.76527],[5.05933,45.79198],[5.07966,45.7868],[5.10023,45.81066],[5.1491,45.80602],[5.19153,45.77169],[5.22666,45.76948],[5.27024,45.79172],[5.30918,45.85493],[5.35383,45.88327],[5.42704,45.83707],[5.43619,45.82813],[5.42149,45.80932],[5.52808,45.71499],[5.57117,45.69688],[5.56384,45.68466],[5.54595,45.69733],[5.54676,45.68483],[5.6,45.65435],[5.62375,45.61327]]]}},{"type":"Feature","properties":{"code":"39","nom":"Jura"},"geometry":{"type":"MultiPolygon","coordinates":[[[[5.44441,46.84534],[5.43983,46.84893],[5.44616,46.84944],[5.44441,46.84534]]],[[[5.45608,46.85084],[5.45186,46.85266],[5.45661,46.85437],[5.45608,46.85084]]],[[[5.51854,47.30419],[5.57767,47.25253],[5.69414,47.26977],[5.72041,47.21994],[5.80539,47.17203],[5.8233,47.14181],[5.78727,47.09562],[5.77103,47.0944],[5.77103,47.04987],[5.7405,47.05483],[5.74806,47.01823],[5.78246,47.01977],[5.81473,47.04636],[5.82262,47.01577],[5.89713,46.99575],[5.91492,47.01072],[5.92163,46.9821],[5.97569,46.97585],[5.97979,46.96348],[5.95654,46.9485],[5.99579,46.93379],[5.98263,46.90845],[6.0122,46.8903],[6.00684,46.87696],[6.02721,46.87433],[6.02322,46.85442],[6.06504,46.86018],[6.1083,46.84138],[6.20333,46.77268],[6.16498,46.7347],[6.07634,46.69188],[6.10552,46.65048],[6.05078,46.61039],[6.14866,46.55073],[6.14461,46.52839],[6.07655,46.46707],[6.08439,46.44743],[6.06733,46.42111],[5.86919,46.26497],[5.7197,46.26428],[5.71472,46.30877],[5.65291,46.32322],[5.64314,46.34478],[5.59913,46.29991],[5.5391,46.2688],[5.47385,46.26428],[5.45684,46.27448],[5.46815,46.31873],[5.4443,46.31871],[5.42366,46.34768],[5.40465,46.31034],[5.3671,46.38869],[5.2988,46.41268],[5.3124,46.416],[5.32315,46.45648],[5.41916,46.47944],[5.42202,46.49891],[5.3583,46.51969],[5.36077,46.55529],[5.36446,46.57594],[5.40001,46.57985],[5.41355,46.59894],[5.39596,46.61004],[5.43717,46.62927],[5.4131,46.65428],[5.42375,46.65863],[5.40015,46.68294],[5.40789,46.70286],[5.39124,46.72905],[5.36165,46.73628],[5.39025,46.77058],[5.33676,46.79383],[5.32858,46.81291],[5.40841,46.83308],[5.46281,46.82737],[5.46243,46.83805],[5.44978,46.85753],[5.40629,46.86712],[5.40384,46.88952],[5.32882,46.88759],[5.30013,46.93812],[5.26966,46.92778],[5.25207,46.94397],[5.26457,46.9587],[5.25589,46.97701],[5.31648,47.01268],[5.27533,47.02693],[5.28392,47.04791],[5.32418,47.07428],[5.39043,47.08636],[5.40854,47.12666],[5.43851,47.14153],[5.4577,47.18026],[5.44575,47.19958],[5.47421,47.21307],[5.4863,47.2434],[5.48828,47.28935],[5.50498,47.28322],[5.51854,47.30419]]]]}},{"type":"Feature","properties":{"code":"40","nom":"Landes"},"geometry":{"type":"Polygon","coordinates":[[[-0.24284,43.58498],[-0.28146,43.58563],[-0.33746,43.55104],[-0.39445,43.56926],[-0.44971,43.54987],[-0.46344,43.56659],[-0.43785,43.57717],[-0.44205,43.59152],[-0.55279,43.54318],[-0.57204,43.55471],[-0.59807,43.5385],[-0.65421,43.55685],[-0.64105,43.5748],[-0.70749,43.56002],[-0.7174,43.54061],[-0.78008,43.57777],[-0.84281,43.54341],[-0.99507,43.53889],[-0.98898,43.51868],[-1.00428,43.50448],[-1.08155,43.52217],[-1.13875,43.49034],[-1.16855,43.50159],[-1.1308,43.51873],[-1.1844,43.54709],[-1.29348,43.49831],[-1.41539,43.49717],[-1.46501,43.51655],[-1.47386,43.53513],[-1.51867,43.52874],[-1.4482,43.64228],[-1.31317,44.14131],[-1.25389,44.4676],[-1.10741,44.50249],[-1.07505,44.52826],[-0.98592,44.5016],[-0.99246,44.46151],[-1.02916,44.4227],[-0.91917,44.44334],[-0.83357,44.41886],[-0.76444,44.44105],[-0.6441,44.45045],[-0.6278,44.44272],[-0.62586,44.41765],[-0.64221,44.40035],[-0.5281,44.36465],[-0.51896,44.34201],[-0.47887,44.32489],[-0.43184,44.32258],[-0.43013,44.30478],[-0.3881,44.28791],[-0.39096,44.21391],[-0.28126,44.19563],[-0.22345,44.2059],[-0.22831,44.25603],[-0.19385,44.27185],[-0.14069,44.2264],[-0.12921,44.15714],[0.13511,44.12422],[0.06176,44.02549],[0.07605,43.98314],[0.05497,43.95696],[0.07448,43.91769],[0.06183,43.90164],[-0.01718,43.92641],[0.00673,43.95374],[-0.03096,43.97993],[-0.10256,43.92728],[-0.1464,43.93946],[-0.23934,43.89828],[-0.19554,43.88274],[-0.18666,43.86407],[-0.20302,43.86061],[-0.18813,43.83256],[-0.19449,43.80846],[-0.22635,43.80905],[-0.2181,43.75417],[-0.19414,43.73702],[-0.24325,43.71222],[-0.25802,43.67375],[-0.24346,43.65953],[-0.28104,43.63046],[-0.24759,43.60693],[-0.24284,43.58498]]]}},{"type":"Feature","properties":{"code":"41","nom":"Loir-et-Cher"},"geometry":{"type":"Polygon","coordinates":[[[0.84122,48.10306],[0.94403,48.11237],[0.95674,48.10102],[1.00953,48.13193],[1.04057,48.13187],[1.04809,48.12377],[0.99552,48.08919],[1.10604,48.08201],[1.12271,48.03598],[1.16663,48.02739],[1.15955,48.01986],[1.20383,47.96849],[1.24822,47.97822],[1.30863,47.95385],[1.34591,47.96506],[1.36544,47.95474],[1.38983,47.97977],[1.42839,47.97337],[1.44718,48.01056],[1.52012,47.98228],[1.56482,47.98977],[1.56673,47.97427],[1.52237,47.93211],[1.58142,47.90193],[1.59051,47.87891],[1.52569,47.82025],[1.57125,47.78696],[1.54788,47.76976],[1.5997,47.74199],[1.58466,47.7303],[1.61859,47.74052],[1.62663,47.76097],[1.69735,47.73839],[1.73994,47.66153],[1.79178,47.63697],[1.84517,47.65708],[1.85862,47.69217],[1.87011,47.67418],[1.93226,47.67851],[1.94146,47.66033],[1.96412,47.6573],[2.07455,47.68215],[2.20395,47.6781],[2.23791,47.6453],[2.24055,47.62278],[2.14445,47.5946],[2.12563,47.58319],[2.12378,47.55997],[2.19564,47.54857],[2.21318,47.51652],[2.19607,47.4879],[2.2437,47.49253],[2.24369,47.41482],[2.21113,47.40526],[2.1889,47.43779],[2.1438,47.40939],[2.11931,47.41934],[2.09708,47.3668],[2.11976,47.35799],[2.12163,47.33526],[2.15808,47.29864],[2.12867,47.27984],[2.08501,47.28596],[2.00311,47.26541],[1.93557,47.2844],[1.89866,47.25562],[1.91659,47.23599],[1.90381,47.21525],[1.87301,47.20532],[1.79582,47.23782],[1.77611,47.23138],[1.72022,47.27302],[1.65615,47.26056],[1.60876,47.27579],[1.59451,47.25982],[1.52396,47.25525],[1.53411,47.22132],[1.45807,47.23992],[1.32667,47.18623],[1.24232,47.28724],[1.21609,47.29284],[1.16232,47.27234],[1.10352,47.30596],[1.09638,47.32328],[1.11808,47.35208],[1.10566,47.36797],[1.12114,47.38616],[1.09005,47.42457],[1.12827,47.44274],[1.11416,47.46238],[1.08711,47.46182],[1.07011,47.52159],[1.04706,47.53011],[1.07689,47.57137],[1.03335,47.60701],[0.99702,47.58397],[0.98551,47.61312],[0.91974,47.63267],[0.86579,47.60078],[0.84618,47.64295],[0.86735,47.68644],[0.7884,47.68002],[0.73869,47.69612],[0.70405,47.68296],[0.67477,47.699],[0.64391,47.68507],[0.65208,47.69616],[0.62895,47.70878],[0.59557,47.68832],[0.58535,47.71726],[0.62756,47.75194],[0.70254,47.76682],[0.69781,47.78817],[0.77295,47.83804],[0.76018,47.89886],[0.79156,47.9098],[0.81684,47.89183],[0.81344,47.92592],[0.84512,47.94126],[0.81866,47.98925],[0.84173,48.02585],[0.7948,48.04656],[0.79484,48.06819],[0.84302,48.07264],[0.84817,48.0946],[0.81767,48.09304],[0.84122,48.10306]]]}},{"type":"Feature","properties":{"code":"42","nom":"Loire"},"geometry":{"type":"Polygon","coordinates":[[[3.89953,46.27591],[3.9094,46.25773],[3.89364,46.21691],[3.96462,46.20179],[3.98586,46.17133],[4.0305,46.16977],[4.10383,46.19844],[4.14539,46.17582],[4.18701,46.17457],[4.20373,46.19423],[4.25811,46.18365],[4.24866,46.16711],[4.28123,46.15594],[4.29529,46.17225],[4.36627,46.18585],[4.37806,46.21209],[4.41932,46.21098],[4.39623,46.19557],[4.43434,46.17191],[4.41669,46.13881],[4.38028,46.15],[4.32764,46.13245],[4.29943,46.06779],[4.25413,46.05206],[4.30992,46.00829],[4.29445,45.98984],[4.24804,45.98672],[4.34484,45.93097],[4.32555,45.90425],[4.33255,45.89292],[4.39427,45.8564],[4.37613,45.78211],[4.34923,45.76433],[4.40292,45.74392],[4.37381,45.71246],[4.36843,45.67282],[4.4757,45.59393],[4.46762,45.58728],[4.62154,45.57097],[4.64342,45.54266],[4.65398,45.54245],[4.64972,45.56486],[4.68351,45.56541],[4.65197,45.52373],[4.65526,45.48607],[4.67097,45.47342],[4.73955,45.48704],[4.76047,45.43709],[4.74476,45.42133],[4.75847,45.38862],[4.7481,45.36607],[4.64315,45.32925],[4.61537,45.30441],[4.62304,45.29635],[4.60129,45.28989],[4.60701,45.2581],[4.59531,45.25071],[4.4879,45.23218],[4.43662,45.27213],[4.38713,45.25511],[4.35025,45.27361],[4.36985,45.29851],[4.33165,45.31848],[4.3617,45.337],[4.34842,45.36046],[4.31668,45.37065],[4.27695,45.35996],[4.23009,45.38849],[4.14561,45.38431],[4.15378,45.36479],[4.1194,45.36948],[4.06561,45.33711],[4.03781,45.35242],[4.01954,45.32754],[3.97693,45.37594],[3.93412,45.36779],[3.91006,45.33635],[3.90029,45.34332],[3.89217,45.39942],[3.97363,45.44816],[3.96621,45.46959],[3.98437,45.49331],[3.96147,45.5061],[3.92982,45.58227],[3.82345,45.63242],[3.78025,45.68913],[3.77768,45.72138],[3.73154,45.75309],[3.73182,45.7745],[3.69386,45.78901],[3.72476,45.82615],[3.71637,45.87125],[3.75257,45.89113],[3.69116,45.94053],[3.71146,45.97348],[3.78714,45.97299],[3.82792,45.99671],[3.80662,46.04693],[3.82153,46.08983],[3.79608,46.11221],[3.78976,46.15485],[3.80881,46.16464],[3.76821,46.23881],[3.89953,46.27591]]]}},{"type":"Feature","properties":{"code":"43","nom":"Haute-Loire"},"geometry":{"type":"Polygon","coordinates":[[[3.89741,45.35708],[3.90502,45.33412],[3.93693,45.37225],[3.98593,45.37185],[4.01725,45.32788],[4.02045,45.34803],[4.05357,45.35291],[4.0708,45.33605],[4.08117,45.35587],[4.15378,45.36479],[4.14561,45.38431],[4.17793,45.3926],[4.2326,45.38889],[4.28872,45.35637],[4.33094,45.36832],[4.36239,45.34625],[4.33998,45.32351],[4.37116,45.30114],[4.34933,45.27835],[4.36497,45.26265],[4.38639,45.25597],[4.43449,45.275],[4.48777,45.21634],[4.44705,45.16088],[4.44615,45.11851],[4.37843,45.14482],[4.37746,45.12257],[4.40019,45.11839],[4.39957,45.10476],[4.36573,45.10027],[4.34604,45.06884],[4.38155,45.0455],[4.29968,45.02004],[4.28983,44.99731],[4.31366,44.97718],[4.22732,44.96579],[4.21657,44.93357],[4.15342,44.87296],[4.03396,44.87159],[4.02652,44.83114],[3.95252,44.8263],[3.91077,44.77873],[3.92538,44.77012],[3.84334,44.74678],[3.83356,44.77647],[3.81233,44.76878],[3.75877,44.80558],[3.74521,44.83634],[3.66199,44.83149],[3.65985,44.87106],[3.62645,44.88025],[3.59407,44.87215],[3.57884,44.82542],[3.51035,44.82412],[3.4819,44.80807],[3.4418,44.85423],[3.40797,44.95196],[3.3476,44.98251],[3.37147,45.00219],[3.32497,45.00979],[3.32704,45.03061],[3.30015,45.03132],[3.31263,45.08377],[3.28977,45.08675],[3.29301,45.10595],[3.36145,45.10418],[3.28803,45.12042],[3.26402,45.16497],[3.27147,45.20609],[3.24027,45.21744],[3.22055,45.27694],[3.16494,45.26884],[3.1504,45.29044],[3.08485,45.28886],[3.11435,45.3112],[3.09046,45.32252],[3.11342,45.32709],[3.11285,45.35156],[3.21148,45.36721],[3.23794,45.39363],[3.29003,45.40066],[3.29817,45.4203],[3.32584,45.40291],[3.34085,45.42136],[3.38139,45.3998],[3.43722,45.40061],[3.4965,45.42624],[3.528,45.40008],[3.57588,45.39088],[3.59035,45.35722],[3.62142,45.33772],[3.66374,45.36167],[3.67021,45.38376],[3.70895,45.36031],[3.77963,45.35068],[3.79986,45.39042],[3.85855,45.35934],[3.89741,45.35708]]]}},{"type":"Feature","properties":{"code":"44","nom":"Loire-Atlantique"},"geometry":{"type":"MultiPolygon","coordinates":[[[[-2.62284,47.40975],[-2.62008,47.41356],[-2.61777,47.41153],[-2.62284,47.40975]]],[[[-2.45849,47.44812],[-2.42808,47.47586],[-2.40393,47.45677],[-2.32201,47.46045],[-2.28896,47.51517],[-2.25494,47.51151],[-2.26564,47.50178],[-2.24428,47.4936],[-2.19081,47.51206],[-2.18129,47.4908],[-2.16,47.49271],[-2.14534,47.52482],[-2.09683,47.54033],[-2.10372,47.58943],[-2.08369,47.61114],[-2.09704,47.63136],[-2.08369,47.64866],[-2.0515,47.64957],[-2.04067,47.66704],[-1.97993,47.68914],[-1.96124,47.67092],[-1.85831,47.70827],[-1.7716,47.69826],[-1.66411,47.71115],[-1.59007,47.77616],[-1.48003,47.80076],[-1.46887,47.83417],[-1.42335,47.83249],[-1.38907,47.82787],[-1.35368,47.79784],[-1.25311,47.77802],[-1.243,47.74777],[-1.25543,47.73141],[-1.18663,47.70619],[-1.18147,47.67461],[-1.14158,47.62436],[-1.01298,47.59339],[-1.06049,47.55603],[-1.03978,47.54884],[-1.039,47.50526],[-0.95913,47.48122],[-0.94868,47.38726],[-1.02061,47.36547],[-1.1642,47.36536],[-1.33582,47.31897],[-1.34806,47.30813],[-1.29574,47.30601],[-1.24988,47.24698],[-1.19427,47.25198],[-1.16343,47.17678],[-1.23889,47.13704],[-1.22462,47.11889],[-1.24964,47.09844],[-1.17855,47.09536],[-1.12181,47.06394],[-1.1168,47.0414],[-1.14692,47.02951],[-1.20278,47.0418],[-1.2683,47.08475],[-1.28771,47.0763],[-1.30492,47.0406],[-1.29463,47.03948],[-1.37861,47.03085],[-1.3661,47.01166],[-1.37496,46.99418],[-1.35906,46.98113],[-1.37337,46.95208],[-1.45827,46.92584],[-1.47593,47.02572],[-1.50499,47.03886],[-1.55573,47.01449],[-1.55323,46.98174],[-1.52022,46.93719],[-1.54581,46.92556],[-1.50077,46.88389],[-1.55819,46.86223],[-1.68842,46.89069],[-1.72294,46.88402],[-1.74548,46.92809],[-1.83199,46.93227],[-1.82841,46.95303],[-1.88989,46.95695],[-2.06497,47.09665],[-2.24721,47.13247],[-2.16803,47.16506],[-2.15929,47.20816],[-2.18121,47.27664],[-2.29755,47.23431],[-2.36975,47.27743],[-2.40805,47.28006],[-2.44061,47.25983],[-2.54334,47.29033],[-2.51381,47.29837],[-2.50291,47.32875],[-2.52116,47.35881],[-2.55811,47.37568],[-2.4682,47.42091],[-2.43962,47.41466],[-2.45849,47.44812]]]]}},{"type":"Feature","properties":{"code":"45","nom":"Loiret"},"geometry":{"type":"Polygon","coordinates":[[[2.93631,48.16339],[3.0219,48.135],[3.01588,48.11571],[3.05619,48.06812],[3.12239,48.03154],[3.09946,48.02075],[3.12421,48.0069],[3.12845,47.97097],[3.0378,47.90672],[3.01164,47.90619],[3.00202,47.86911],[3.03178,47.85036],[3.01254,47.83437],[3.02518,47.79018],[2.9497,47.76587],[2.85343,47.75918],[2.84897,47.71684],[2.88465,47.71389],[2.87915,47.7038],[2.92109,47.68305],[2.92662,47.659],[2.94956,47.64958],[2.93627,47.59932],[2.97654,47.56943],[2.86023,47.554],[2.8489,47.53754],[2.87074,47.52314],[2.81618,47.49545],[2.73262,47.53804],[2.72486,47.494],[2.66654,47.48509],[2.56878,47.5685],[2.49136,47.5683],[2.44426,47.60811],[2.37322,47.58575],[2.28963,47.62906],[2.2474,47.62045],[2.2337,47.65169],[2.19463,47.67638],[2.07629,47.68121],[1.94532,47.66079],[1.93552,47.67974],[1.90196,47.67178],[1.85558,47.68955],[1.84369,47.68635],[1.84672,47.66104],[1.79512,47.63743],[1.73994,47.66153],[1.71354,47.73335],[1.6296,47.75931],[1.58538,47.7268],[1.59602,47.73774],[1.54836,47.76927],[1.57054,47.79659],[1.5337,47.82053],[1.53879,47.8421],[1.59051,47.87891],[1.56939,47.91067],[1.52542,47.92911],[1.56649,47.9812],[1.51828,47.98684],[1.52667,48.00727],[1.51255,48.02813],[1.55602,48.04107],[1.58695,48.03052],[1.65568,48.07618],[1.75503,48.06484],[1.80153,48.08943],[1.86567,48.08386],[1.91262,48.12913],[1.91427,48.16746],[1.97099,48.18308],[1.95726,48.2036],[1.97542,48.19692],[1.96405,48.24994],[1.99408,48.28659],[2.11372,48.30725],[2.1106,48.29695],[2.15651,48.29908],[2.15183,48.31384],[2.18069,48.31168],[2.20709,48.34494],[2.23774,48.33207],[2.24494,48.30226],[2.30021,48.31123],[2.32755,48.33297],[2.34198,48.31683],[2.40569,48.31423],[2.42844,48.25659],[2.50619,48.23854],[2.52313,48.19489],[2.50633,48.15644],[2.47838,48.15674],[2.44889,48.13227],[2.45438,48.12237],[2.57056,48.14082],[2.70351,48.12424],[2.75549,48.14938],[2.73641,48.16631],[2.80823,48.16624],[2.80091,48.13325],[2.81364,48.13144],[2.86682,48.15604],[2.93631,48.16339]]]}},{"type":"Feature","properties":{"code":"46","nom":"Lot"},"geometry":{"type":"Polygon","coordinates":[[[1.44826,45.01931],[1.53183,45.04508],[1.55435,45.02931],[1.57631,45.0407],[1.63379,45.03125],[1.7716,44.92699],[1.82082,44.92722],[1.83117,44.94549],[1.84169,44.93779],[1.91658,44.97831],[1.93673,44.97303],[1.94028,44.95289],[1.99148,44.97591],[2.06291,44.97651],[2.0778,44.93393],[2.10353,44.91581],[2.08395,44.89125],[2.09351,44.87237],[2.16526,44.81356],[2.16972,44.77748],[2.14846,44.76655],[2.13367,44.69526],[2.15953,44.69741],[2.17435,44.63462],[2.21057,44.60762],[2.14028,44.57175],[2.08393,44.58697],[2.05849,44.56612],[2.06084,44.58355],[1.91101,44.5012],[1.91156,44.48594],[1.89865,44.50475],[1.84959,44.48403],[1.84054,44.4783],[1.85034,44.43863],[1.8706,44.42656],[1.8675,44.39806],[1.90891,44.35007],[1.83101,44.3268],[1.79653,44.33357],[1.78374,44.31552],[1.73735,44.32698],[1.65949,44.28326],[1.63996,44.29709],[1.65194,44.28667],[1.64059,44.26995],[1.57705,44.30164],[1.57011,44.28179],[1.58725,44.24901],[1.56653,44.23492],[1.5294,44.23492],[1.51116,44.27233],[1.48001,44.2829],[1.35758,44.20334],[1.32947,44.23055],[1.28301,44.2354],[1.30502,44.26202],[1.30366,44.29266],[1.25469,44.28447],[1.24495,44.26588],[1.22819,44.27809],[1.21409,44.26819],[1.17754,44.29186],[1.18108,44.30324],[1.12241,44.31568],[1.10633,44.34445],[1.08424,44.35078],[1.08858,44.37111],[1.12744,44.37298],[1.13704,44.39235],[1.07119,44.37993],[1.05143,44.39209],[1.05394,44.4319],[1.03205,44.4331],[1.01206,44.50939],[0.98231,44.54265],[1.01223,44.53855],[1.07439,44.57728],[1.0949,44.57174],[1.16881,44.68002],[1.22546,44.68612],[1.31605,44.74037],[1.32282,44.76504],[1.29331,44.78984],[1.35962,44.81112],[1.36308,44.84284],[1.44192,44.87758],[1.41225,44.90979],[1.44235,44.91655],[1.40927,45.006],[1.44826,45.01931]]]}},{"type":"Feature","properties":{"code":"47","nom":"Lot-et-Garonne"},"geometry":{"type":"Polygon","coordinates":[[[0.29733,44.76228],[0.34804,44.7196],[0.35193,44.6571],[0.41906,44.64655],[0.51954,44.67774],[0.55075,44.66558],[0.58066,44.69479],[0.64104,44.70408],[0.65743,44.67785],[0.72775,44.67628],[0.78103,44.6835],[0.79773,44.70177],[0.85244,44.66898],[0.81777,44.62426],[0.84881,44.60081],[0.97946,44.64388],[1.01361,44.6144],[1.07298,44.59631],[1.0717,44.56785],[1.01539,44.5376],[0.98654,44.54738],[1.03421,44.43226],[1.06051,44.41532],[1.06067,44.37145],[0.94576,44.34783],[0.91985,44.38442],[0.88999,44.36843],[0.89495,44.34738],[0.87167,44.31235],[0.91431,44.30145],[0.94713,44.26805],[0.9054,44.19624],[0.85633,44.18922],[0.85228,44.17648],[0.88996,44.16742],[0.894,44.13789],[0.85781,44.12757],[0.7961,44.14562],[0.79889,44.11064],[0.75683,44.1074],[0.73971,44.06662],[0.68567,44.04617],[0.67709,44.02697],[0.59376,44.07929],[0.55547,44.05475],[0.45952,44.05524],[0.43313,44.02928],[0.38439,44.0086],[0.32079,44.00821],[0.3177,43.99461],[0.21003,44.01971],[0.15046,43.97365],[0.13181,44.00079],[0.08371,43.98302],[0.06083,44.00724],[0.08303,44.06359],[0.13126,44.11991],[0.03459,44.13065],[-0.0017,44.14923],[-0.12915,44.15241],[-0.13903,44.2227],[-0.03298,44.27173],[-0.03481,44.29673],[-0.07752,44.33261],[-0.07882,44.3537],[0.02296,44.37574],[-0.0139,44.4187],[0.00753,44.44714],[-0.01496,44.46824],[-0.01591,44.50069],[0.0181,44.52978],[0.00448,44.54504],[0.06856,44.54822],[0.08473,44.57954],[0.15429,44.61303],[0.14119,44.64131],[0.16289,44.63259],[0.18221,44.65929],[0.10384,44.68858],[0.10768,44.71067],[0.12846,44.70828],[0.13991,44.73644],[0.17378,44.73408],[0.18966,44.74904],[0.21153,44.72375],[0.22649,44.76439],[0.25574,44.75011],[0.29733,44.76228]]]}},{"type":"Feature","properties":{"code":"48","nom":"Lozère"},"geometry":{"type":"Polygon","coordinates":[[[3.36134,44.97141],[3.40438,44.95703],[3.42045,44.8951],[3.4819,44.80807],[3.50858,44.82431],[3.58892,44.8264],[3.59979,44.87875],[3.63688,44.87764],[3.67364,44.85412],[3.66636,44.82878],[3.73697,44.83497],[3.81214,44.76603],[3.84248,44.77162],[3.83543,44.74804],[3.87306,44.74067],[3.8623,44.7201],[3.88211,44.69793],[3.86954,44.67825],[3.89465,44.64776],[3.89431,44.6158],[3.91898,44.57698],[3.95453,44.56466],[3.99692,44.46606],[3.94882,44.40428],[3.8887,44.39296],[3.95223,44.33154],[3.92872,44.30855],[3.934,44.27671],[3.97465,44.26029],[3.94797,44.24455],[3.93972,44.19853],[3.9738,44.16397],[3.92333,44.18233],[3.92729,44.16243],[3.8782,44.13312],[3.80108,44.12842],[3.66805,44.18445],[3.6371,44.17635],[3.62749,44.15449],[3.64826,44.14634],[3.63284,44.12122],[3.56219,44.12254],[3.54342,44.10928],[3.43584,44.13188],[3.33494,44.20409],[3.20409,44.18973],[3.22985,44.22626],[3.16419,44.24362],[3.15372,44.27381],[3.12416,44.26032],[3.12349,44.28464],[3.1509,44.30577],[3.15193,44.32593],[3.12013,44.36257],[3.11784,44.38427],[3.1388,44.39794],[3.13504,44.45418],[3.07295,44.49792],[3.08046,44.56556],[2.98393,44.6567],[3.01653,44.71437],[3.03913,44.71499],[3.02875,44.73318],[3.04809,44.80425],[3.07172,44.83309],[3.09916,44.83291],[3.10313,44.88463],[3.1411,44.90332],[3.19236,44.86273],[3.2289,44.8862],[3.22643,44.90998],[3.24969,44.91624],[3.24169,44.93515],[3.26354,44.94263],[3.28448,44.92609],[3.36134,44.97141]]]}},{"type":"Feature","properties":{"code":"49","nom":"Maine-et-Loire"},"geometry":{"type":"MultiPolygon","coordinates":[[[[-0.7408,47.74228],[-0.74019,47.73972],[-0.74278,47.74173],[-0.7408,47.74228]]],[[[-1.24588,47.77672],[-1.23985,47.81003],[-1.14876,47.77521],[-1.02219,47.77793],[-0.98665,47.76293],[-0.95964,47.76757],[-0.96726,47.77936],[-0.95203,47.7965],[-0.84319,47.75361],[-0.81607,47.77123],[-0.74744,47.73909],[-0.63509,47.73561],[-0.58615,47.75673],[-0.5375,47.75147],[-0.50805,47.78585],[-0.45645,47.75943],[-0.41371,47.76531],[-0.41502,47.7763],[-0.38201,47.76542],[-0.35246,47.71414],[-0.17455,47.71644],[-0.2155,47.69589],[-0.19652,47.64892],[-0.11771,47.63343],[-0.09902,47.66132],[-0.07211,47.65991],[-0.02002,47.63712],[-0.00451,47.64769],[0.05322,47.60573],[0.11063,47.6059],[0.1516,47.58153],[0.18311,47.59683],[0.18948,47.61679],[0.20625,47.60342],[0.22413,47.61229],[0.23439,47.58009],[0.19334,47.53911],[0.22216,47.51805],[0.18094,47.45341],[0.18528,47.42473],[0.15871,47.40318],[0.17948,47.38441],[0.0786,47.28394],[0.08976,47.2829],[0.06796,47.24503],[0.07932,47.21677],[0.05436,47.19964],[0.06348,47.17619],[-0.00787,47.15985],[-0.03573,47.1201],[-0.03562,47.08626],[-0.09035,47.09758],[-0.10212,47.0648],[-0.12522,47.0558],[-0.17902,47.07017],[-0.14126,47.10374],[-0.17593,47.10673],[-0.20627,47.09319],[-0.24074,47.1057],[-0.39592,47.09159],[-0.40078,47.07077],[-0.45799,47.06877],[-0.47634,47.05436],[-0.48472,47.06226],[-0.4682,47.08386],[-0.50027,47.08105],[-0.55075,47.06517],[-0.55203,47.02908],[-0.61147,46.99413],[-0.66994,47.0008],[-0.71588,46.98388],[-0.78972,47.0035],[-0.86076,46.96868],[-0.91927,47.00211],[-0.95845,46.99486],[-0.97894,47.01868],[-1.02278,47.00403],[-1.13981,47.02446],[-1.14857,47.02955],[-1.1168,47.0414],[-1.11467,47.06146],[-1.17629,47.09376],[-1.24964,47.09844],[-1.22462,47.11889],[-1.23741,47.13547],[-1.1985,47.14892],[-1.16178,47.18583],[-1.17795,47.19592],[-1.18097,47.24081],[-1.20206,47.25277],[-1.24223,47.24324],[-1.29068,47.29977],[-1.34715,47.3019],[-1.30264,47.33637],[-1.16652,47.36632],[-1.02061,47.36547],[-0.95083,47.38351],[-0.96476,47.48979],[-1.04446,47.5055],[-1.03802,47.5444],[-1.05898,47.55415],[-1.01293,47.58506],[-1.01767,47.59495],[-1.1382,47.61946],[-1.18072,47.66833],[-1.17531,47.69249],[-1.19458,47.71945],[-1.25543,47.73141],[-1.23752,47.75267],[-1.24588,47.77672]]]]}},{"type":"Feature","properties":{"code":"50","nom":"Manche"},"geometry":{"type":"MultiPolygon","coordinates":[[[[-1.24053,49.58545],[-1.24801,49.5876],[-1.24274,49.59128],[-1.24053,49.58545]]],[[[-1.84184,48.87556],[-1.84264,48.8785],[-1.841,48.87789],[-1.84184,48.87556]]],[[[-1.5109,48.63502],[-1.5132,48.63585],[-1.5111,48.63695],[-1.5109,48.63502]]],[[[-1.82137,48.86824],[-1.83084,48.86822],[-1.83719,48.8763],[-1.82137,48.86824]]],[[[-1.76603,48.87183],[-1.76782,48.8745],[-1.76609,48.87506],[-1.76603,48.87183]]],[[[-1.11962,49.35557],[-1.11346,49.32795],[-1.14034,49.29977],[-1.1215,49.28157],[-1.12703,49.26726],[-0.97879,49.1931],[-0.92077,49.23058],[-0.88943,49.20441],[-0.92591,49.16405],[-0.95888,49.16239],[-0.88659,49.12943],[-0.92465,49.10238],[-0.8822,49.11672],[-0.87096,49.06394],[-0.88452,49.03871],[-0.86235,49.03466],[-0.93958,48.97086],[-1.06587,48.92027],[-1.01511,48.91727],[-1.15929,48.8309],[-1.10565,48.81551],[-1.08254,48.77777],[-0.9759,48.77466],[-0.95691,48.78704],[-0.88264,48.75618],[-0.82644,48.76834],[-0.85114,48.73507],[-0.73644,48.6866],[-0.77107,48.65897],[-0.74221,48.62727],[-0.77927,48.55844],[-0.8697,48.49818],[-0.9554,48.51729],[-0.99929,48.48958],[-1.06044,48.51494],[-1.24924,48.54186],[-1.33936,48.49094],[-1.35393,48.46783],[-1.42291,48.46073],[-1.44357,48.48425],[-1.48995,48.48937],[-1.53449,48.55031],[-1.51892,48.56659],[-1.54402,48.58739],[-1.53722,48.59875],[-1.56818,48.62411],[-1.47864,48.61824],[-1.39104,48.64465],[-1.35466,48.63201],[-1.3987,48.65417],[-1.37599,48.68507],[-1.44577,48.65477],[-1.4574,48.67365],[-1.50195,48.68656],[-1.53324,48.73138],[-1.57365,48.75098],[-1.57581,48.82343],[-1.61168,48.83287],[-1.58159,48.8544],[-1.55324,48.93421],[-1.55452,48.89391],[-1.55416,49.02439],[-1.53452,49.03406],[-1.5135,49.02344],[-1.54256,49.04132],[-1.56433,49.03504],[-1.57521,49.00477],[-1.59888,49.03737],[-1.60996,49.09912],[-1.58436,49.1316],[-1.61363,49.21876],[-1.57493,49.2231],[-1.60892,49.23207],[-1.63612,49.21808],[-1.6769,49.27826],[-1.66577,49.28188],[-1.70808,49.31991],[-1.67617,49.32933],[-1.72479,49.32745],[-1.7805,49.3724],[-1.75587,49.36896],[-1.81312,49.3805],[-1.85089,49.50883],[-1.88548,49.52999],[-1.839,49.5764],[-1.85004,49.63264],[-1.87594,49.65872],[-1.9382,49.67257],[-1.9419,49.72512],[-1.88865,49.7063],[-1.85533,49.71607],[-1.82089,49.69083],[-1.71781,49.67985],[-1.66687,49.65785],[-1.61545,49.65818],[-1.62937,49.65968],[-1.61516,49.64346],[-1.60576,49.65852],[-1.48693,49.66852],[-1.47326,49.69701],[-1.2662,49.69542],[-1.22901,49.61267],[-1.2528,49.6123],[-1.27322,49.5735],[-1.26814,49.58261],[-1.29623,49.58317],[-1.30636,49.53893],[-1.16759,49.40719],[-1.17666,49.36884],[-1.11962,49.35557]]]]}},{"type":"Feature","properties":{"code":"51","nom":"Marne"},"geometry":{"type":"Polygon","coordinates":[[[4.04797,49.40564],[4.19143,49.40104],[4.20131,49.38378],[4.24081,49.38247],[4.29197,49.354],[4.30676,49.3278],[4.36936,49.32235],[4.44722,49.27254],[4.57587,49.29665],[4.59476,49.29054],[4.62137,49.23661],[4.64559,49.23315],[4.68893,49.25747],[4.74423,49.24147],[4.8092,49.24905],[4.86256,49.22963],[4.87738,49.26268],[4.91504,49.26509],[4.96406,49.23675],[4.98984,49.2129],[4.93976,49.18507],[4.99213,49.1149],[5.00422,49.06225],[4.96543,49.02144],[5.03338,49.02579],[5.03458,48.99347],[4.99906,48.98665],[5.03642,48.96832],[5.01514,48.94128],[4.95067,48.93089],[4.91479,48.90009],[4.9247,48.89136],[4.91166,48.86871],[4.93738,48.84811],[4.89532,48.82202],[4.88858,48.80061],[4.93313,48.79137],[5.00038,48.74141],[5.00641,48.69907],[4.98843,48.68442],[4.93868,48.67477],[4.90557,48.68511],[4.86778,48.6672],[4.81106,48.67969],[4.77582,48.66039],[4.85058,48.63992],[4.83957,48.61132],[4.76819,48.59573],[4.77145,48.57232],[4.79261,48.56996],[4.78278,48.55416],[4.79918,48.52978],[4.78832,48.52916],[4.65985,48.53808],[4.62473,48.55377],[4.52563,48.52815],[4.51666,48.54443],[4.4092,48.55877],[4.31492,48.61622],[4.33438,48.63248],[4.31873,48.64894],[4.33044,48.6813],[4.29938,48.71459],[4.16526,48.70763],[4.13109,48.68615],[4.07979,48.70112],[4.0582,48.66627],[4.0017,48.66388],[3.95155,48.60812],[3.90842,48.60175],[3.89193,48.57544],[3.85667,48.57884],[3.85988,48.53284],[3.8319,48.51865],[3.73842,48.53832],[3.65222,48.53602],[3.63316,48.54452],[3.62627,48.57765],[3.58259,48.58546],[3.54335,48.62936],[3.52228,48.63259],[3.52821,48.64319],[3.45797,48.6348],[3.4427,48.67251],[3.47188,48.69568],[3.46675,48.72877],[3.43243,48.75581],[3.40062,48.75548],[3.40873,48.78212],[3.44291,48.78618],[3.40796,48.80664],[3.41661,48.81783],[3.47793,48.81411],[3.48642,48.85811],[3.52858,48.91214],[3.57075,48.91492],[3.60093,48.96634],[3.67497,49.01173],[3.65714,49.0382],[3.58761,49.03381],[3.58771,49.05939],[3.63449,49.07448],[3.60309,49.11467],[3.62225,49.1511],[3.74877,49.15708],[3.74212,49.17916],[3.70649,49.18031],[3.69532,49.20522],[3.65477,49.21366],[3.67815,49.23533],[3.64394,49.31272],[3.77753,49.35582],[3.85746,49.34886],[3.85635,49.38116],[3.82797,49.40034],[3.93381,49.40187],[4.01273,49.3583],[4.02751,49.35985],[4.04797,49.40564]]]}},{"type":"Feature","properties":{"code":"52","nom":"Haute-Marne"},"geometry":{"type":"Polygon","coordinates":[[[4.67018,48.53189],[4.71801,48.54199],[4.79464,48.52961],[4.79633,48.56804],[4.77145,48.57232],[4.76396,48.59379],[4.85703,48.61197],[4.83183,48.65108],[4.77188,48.65188],[4.78162,48.66917],[4.81615,48.67957],[4.86381,48.66805],[4.90893,48.68678],[5.00905,48.67855],[4.99361,48.65541],[4.99933,48.61484],[5.02672,48.61194],[5.05667,48.63233],[5.07089,48.59573],[5.11945,48.59572],[5.14634,48.56117],[5.17021,48.56256],[5.21131,48.52994],[5.32755,48.50938],[5.34973,48.48185],[5.3977,48.47381],[5.40911,48.44466],[5.46182,48.42427],[5.39576,48.39227],[5.44157,48.38023],[5.42209,48.36407],[5.4268,48.33122],[5.46175,48.35214],[5.52158,48.3488],[5.58467,48.28125],[5.61922,48.28699],[5.65026,48.26985],[5.64153,48.24175],[5.71934,48.21285],[5.73133,48.19405],[5.68724,48.18029],[5.66756,48.11613],[5.62901,48.08442],[5.65913,48.06886],[5.66209,48.08488],[5.68843,48.0754],[5.72054,48.04424],[5.77505,48.03117],[5.79467,47.99801],[5.78101,47.97047],[5.79129,47.95135],[5.85356,47.96988],[5.8873,47.90364],[5.85338,47.90553],[5.81602,47.84885],[5.76358,47.85891],[5.74435,47.84592],[5.74076,47.8192],[5.69224,47.82133],[5.67956,47.77822],[5.70753,47.76755],[5.70958,47.7453],[5.69039,47.73515],[5.69106,47.68463],[5.59668,47.67169],[5.57241,47.70527],[5.51836,47.6735],[5.41055,47.67483],[5.40575,47.64687],[5.35557,47.59147],[5.31926,47.61073],[5.25663,47.57668],[5.24147,47.59479],[5.25604,47.61926],[5.17539,47.65135],[5.17775,47.67723],[5.16186,47.6805],[5.12259,47.64707],[5.05617,47.66857],[5.04359,47.67652],[5.06065,47.69479],[5.02877,47.69328],[5.02258,47.70778],[4.97455,47.6871],[4.95377,47.70485],[4.97003,47.73553],[4.9568,47.73245],[4.95854,47.7608],[4.92268,47.75895],[4.92076,47.77281],[4.98226,47.80009],[4.98469,47.82887],[4.96043,47.8394],[4.95565,47.86277],[4.93156,47.87082],[4.8965,47.92266],[4.86934,47.91745],[4.86039,47.89803],[4.83404,47.90679],[4.8604,47.94878],[4.78651,47.9642],[4.80515,47.98563],[4.79216,48.00353],[4.71551,48.01155],[4.70529,48.02583],[4.72184,48.04039],[4.66543,48.07684],[4.7369,48.11768],[4.83439,48.10516],[4.83004,48.12819],[4.84934,48.14132],[4.83545,48.16173],[4.86239,48.20312],[4.83859,48.22486],[4.85127,48.22662],[4.83946,48.23748],[4.85712,48.25999],[4.81648,48.32139],[4.83249,48.34623],[4.75458,48.36655],[4.75529,48.3893],[4.7053,48.39085],[4.67089,48.44527],[4.62935,48.46115],[4.64976,48.47094],[4.65814,48.50591],[4.67662,48.51748],[4.67018,48.53189]]]}},{"type":"Feature","properties":{"code":"53","nom":"Mayenne"},"geometry":{"type":"Polygon","coordinates":[[[-1.07016,48.50849],[-0.99929,48.48958],[-0.9554,48.51729],[-0.84916,48.49778],[-0.81479,48.45936],[-0.77787,48.46541],[-0.76016,48.43616],[-0.71431,48.45288],[-0.73586,48.46112],[-0.7312,48.47123],[-0.69936,48.46715],[-0.66861,48.48349],[-0.64215,48.44833],[-0.59862,48.47102],[-0.55172,48.47312],[-0.5097,48.50901],[-0.39125,48.50869],[-0.3601,48.48482],[-0.32493,48.51926],[-0.27155,48.50745],[-0.2441,48.53467],[-0.24687,48.56443],[-0.20808,48.56414],[-0.15048,48.53042],[-0.17209,48.50214],[-0.14363,48.45473],[-0.06029,48.45589],[-0.05189,48.44013],[-0.05971,48.37731],[-0.11283,48.37275],[-0.13322,48.36457],[-0.1217,48.34022],[-0.15709,48.33971],[-0.14005,48.29928],[-0.16734,48.26351],[-0.14684,48.20501],[-0.24813,48.15906],[-0.23774,48.15298],[-0.25381,48.13653],[-0.21642,48.11373],[-0.23359,48.09937],[-0.23094,48.05899],[-0.33858,48.04578],[-0.34147,48.01179],[-0.316,48.00526],[-0.28068,47.95801],[-0.41285,47.91583],[-0.41104,47.89536],[-0.37174,47.88165],[-0.37158,47.86015],[-0.40723,47.8591],[-0.44786,47.83222],[-0.42872,47.80617],[-0.3836,47.79746],[-0.37841,47.76271],[-0.41601,47.78014],[-0.412,47.76958],[-0.44911,47.7583],[-0.51596,47.78526],[-0.53292,47.75069],[-0.74171,47.73811],[-0.82109,47.77037],[-0.85189,47.75621],[-0.89318,47.76353],[-0.92987,47.79249],[-0.95949,47.79625],[-0.96835,47.78717],[-0.9521,47.76976],[-0.97769,47.76242],[-1.02548,47.77721],[-1.14381,47.77423],[-1.23713,47.80832],[-1.21601,47.83115],[-1.2218,47.84966],[-1.18899,47.86704],[-1.19663,47.88927],[-1.17623,47.8974],[-1.15646,47.96181],[-1.108,47.98935],[-1.05029,47.98447],[-1.02013,48.00033],[-1.03201,48.02991],[-1.02162,48.06801],[-1.04978,48.09038],[-1.09857,48.24929],[-1.09301,48.28249],[-1.04505,48.32818],[-1.08359,48.43373],[-1.06828,48.44887],[-1.07016,48.50849]],[[-0.7408,47.74228],[-0.74278,47.74173],[-0.74019,47.73972],[-0.7408,47.74228]]]}},{"type":"Feature","properties":{"code":"54","nom":"Meurthe-et-Moselle"},"geometry":{"type":"MultiPolygon","coordinates":[[[[5.45245,49.41235],[5.46947,49.42085],[5.4709,49.41275],[5.45245,49.41235]]],[[[5.42599,49.48614],[5.44076,49.50248],[5.46449,49.49031],[5.42599,49.48614]]],[[[5.47091,49.49721],[5.56077,49.52736],[5.61098,49.50593],[5.64298,49.54997],[5.74738,49.53943],[5.77581,49.56218],[5.8172,49.537],[5.83696,49.54247],[5.85062,49.50826],[5.93731,49.47741],[5.9405,49.43445],[5.91192,49.40771],[5.93308,49.39607],[5.93735,49.36497],[5.97838,49.34486],[5.94357,49.33898],[5.97946,49.30935],[6.00373,49.31192],[6.00045,49.28029],[6.03205,49.25123],[6.03076,49.23308],[5.98086,49.20151],[5.97969,49.18953],[6.03113,49.16749],[5.98138,49.14436],[5.99963,49.11704],[5.92669,49.09828],[5.95541,49.05033],[6.01265,49.03735],[6.04496,49.00893],[6.03705,48.98263],[6.10895,48.96934],[6.13984,48.93348],[6.22242,48.93912],[6.24427,48.9241],[6.31118,48.92107],[6.32692,48.89661],[6.29795,48.88105],[6.31243,48.86749],[6.28798,48.84925],[6.30635,48.83325],[6.33895,48.83406],[6.30998,48.82588],[6.35111,48.81246],[6.36649,48.78095],[6.43351,48.78738],[6.50645,48.75591],[6.56002,48.75539],[6.59897,48.71569],[6.66462,48.70349],[6.6665,48.67116],[6.68556,48.68161],[6.72608,48.66441],[6.75988,48.66978],[6.78249,48.64273],[6.82719,48.64523],[6.86086,48.62026],[6.90512,48.61984],[6.92568,48.63514],[6.95092,48.6109],[7.0172,48.60784],[6.99655,48.59702],[7.08361,48.54129],[7.05634,48.53901],[7.07011,48.53771],[7.06449,48.5234],[7.11489,48.51416],[6.97524,48.47593],[6.89306,48.41852],[6.85504,48.43294],[6.81517,48.39885],[6.64509,48.42743],[6.6237,48.4731],[6.5786,48.45332],[6.57402,48.41487],[6.52981,48.42915],[6.4355,48.41279],[6.40407,48.39061],[6.38176,48.41191],[6.30773,48.41173],[6.29797,48.43454],[6.23765,48.4003],[6.15545,48.40757],[6.13908,48.36738],[6.11014,48.35534],[6.07853,48.3789],[6.07083,48.36096],[5.96156,48.34989],[5.95111,48.39425],[5.90885,48.40158],[5.93133,48.43395],[5.92101,48.4364],[5.89821,48.43436],[5.90907,48.42921],[5.89956,48.40957],[5.85538,48.40938],[5.89929,48.4486],[5.88899,48.4532],[5.9058,48.49462],[5.8416,48.50613],[5.77952,48.48701],[5.7609,48.52056],[5.77626,48.54108],[5.71398,48.56523],[5.71536,48.58863],[5.78991,48.60719],[5.80324,48.62496],[5.75931,48.62508],[5.743,48.65267],[5.7646,48.70107],[5.71404,48.74453],[5.73848,48.75191],[5.77804,48.79915],[5.76553,48.79561],[5.78135,48.83537],[5.76731,48.86384],[5.7903,48.88354],[5.74774,48.91488],[5.79252,48.9431],[5.84727,48.95178],[5.83147,48.97596],[5.80092,48.98588],[5.84735,49.03714],[5.83734,49.06494],[5.80667,49.07087],[5.82552,49.08952],[5.82197,49.10839],[5.7566,49.11223],[5.74846,49.12095],[5.76374,49.13558],[5.74679,49.16323],[5.76132,49.20142],[5.72513,49.19565],[5.72077,49.20932],[5.7361,49.23623],[5.72298,49.2643],[5.76347,49.28493],[5.76772,49.30542],[5.72333,49.32168],[5.73852,49.35192],[5.71067,49.36592],[5.69225,49.41503],[5.63539,49.4353],[5.49551,49.40614],[5.48683,49.38715],[5.44921,49.40155],[5.5026,49.41881],[5.47988,49.4251],[5.48604,49.44582],[5.46981,49.44882],[5.47091,49.49721]]]]}},{"type":"Feature","properties":{"code":"55","nom":"Meuse"},"geometry":{"type":"Polygon","coordinates":[[[4.95099,49.23687],[5.05118,49.27405],[5.05941,49.28987],[5.02545,49.31043],[5.02631,49.33623],[5.06147,49.37198],[5.09436,49.37373],[5.09751,49.39407],[5.07674,49.40307],[5.11484,49.41898],[5.10307,49.43655],[5.11122,49.45754],[5.05987,49.5047],[5.10094,49.53617],[5.08804,49.54492],[5.10656,49.55596],[5.11379,49.59187],[5.14941,49.58674],[5.16178,49.56728],[5.23558,49.56919],[5.26625,49.54308],[5.30857,49.55811],[5.33844,49.59036],[5.38096,49.59735],[5.39354,49.61709],[5.46507,49.53887],[5.45538,49.52144],[5.48296,49.4945],[5.46308,49.48191],[5.46123,49.45387],[5.47857,49.44755],[5.47114,49.42849],[5.50791,49.42204],[5.49173,49.40655],[5.44682,49.40399],[5.48683,49.38715],[5.50358,49.40835],[5.63166,49.43721],[5.68751,49.41539],[5.68893,49.39162],[5.73496,49.35742],[5.72055,49.33125],[5.73356,49.31003],[5.75721,49.31374],[5.76824,49.29609],[5.72298,49.2643],[5.73701,49.23274],[5.72372,49.20509],[5.76219,49.2004],[5.74452,49.15727],[5.76432,49.14182],[5.74694,49.1246],[5.7713,49.1061],[5.8169,49.1112],[5.82302,49.09094],[5.80698,49.06267],[5.83108,49.06441],[5.85417,49.04242],[5.80839,48.99007],[5.84727,48.95178],[5.74765,48.91735],[5.79106,48.88662],[5.76987,48.87524],[5.78005,48.82538],[5.75821,48.80123],[5.77608,48.79931],[5.71404,48.74453],[5.7587,48.70337],[5.74496,48.67138],[5.76254,48.61958],[5.80324,48.62496],[5.78991,48.60719],[5.71536,48.58863],[5.7239,48.55648],[5.77626,48.54108],[5.74899,48.47679],[5.71921,48.46014],[5.64224,48.47244],[5.62256,48.42889],[5.55051,48.43983],[5.51619,48.43094],[5.50932,48.40998],[5.4468,48.42427],[5.41416,48.44217],[5.3977,48.47381],[5.35414,48.47984],[5.32858,48.5085],[5.21916,48.52745],[5.17021,48.56256],[5.14889,48.55967],[5.11818,48.58994],[5.06682,48.60185],[5.05419,48.63315],[5.02298,48.61168],[4.99556,48.61929],[4.99487,48.66083],[5.01105,48.66783],[4.99092,48.68396],[4.99876,48.70735],[5.01179,48.70669],[5.00922,48.74139],[4.98055,48.74733],[4.92931,48.79143],[4.89293,48.79769],[4.88887,48.81685],[4.93294,48.84006],[4.91166,48.86871],[4.92132,48.90629],[4.95067,48.93089],[5.01106,48.93638],[5.0379,48.97302],[4.99535,48.9826],[5.02971,48.99453],[5.03338,49.02579],[5.01022,49.03512],[4.97305,49.02325],[5.00574,49.05987],[4.99662,49.10661],[4.94342,49.18809],[4.98976,49.20633],[4.97076,49.23606],[4.95099,49.23687]],[[5.45245,49.41235],[5.4709,49.41275],[5.46947,49.42085],[5.45245,49.41235]],[[5.42599,49.48614],[5.47104,49.4869],[5.4451,49.50101],[5.42599,49.48614]]]}},{"type":"Feature","properties":{"code":"56","nom":"Morbihan"},"geometry":{"type":"MultiPolygon","coordinates":[[[[-3.01322,47.41074],[-3.01772,47.41124],[-3.01214,47.41191],[-3.01322,47.41074]]],[[[-3.42179,47.62],[-3.46537,47.62148],[-3.51509,47.64713],[-3.43755,47.64406],[-3.41681,47.63427],[-3.42179,47.62]]],[[[-2.9974,47.39276],[-2.99932,47.3947],[-2.99567,47.39536],[-2.9974,47.39276]]],[[[-3.19531,47.29175],[-3.19711,47.29306],[-3.19484,47.29353],[-3.19531,47.29175]]],[[[-2.96893,47.35552],[-2.97266,47.35761],[-2.96854,47.35753],[-2.96893,47.35552]]],[[[-2.8837,47.34309],[-2.86336,47.34897],[-2.86437,47.33684],[-2.8852,47.33221],[-2.8837,47.34309]]],[[[-3.23545,47.32382],[-3.26066,47.35695],[-3.24888,47.38183],[-3.15538,47.36155],[-3.1425,47.33182],[-3.06054,47.31283],[-3.08823,47.2806],[-3.17383,47.30184],[-3.22474,47.29628],[-3.24961,47.31668],[-3.23545,47.32382]]],[[[-2.94815,47.37334],[-2.99431,47.39899],[-2.93938,47.3947],[-2.94815,47.37334]]],[[[-3.2514,47.38631],[-3.25305,47.38929],[-3.24912,47.38926],[-3.2514,47.38631]]],[[[-2.59313,47.52759],[-2.59191,47.5253],[-2.59472,47.52617],[-2.59313,47.52759]]],[[[-3.13883,47.71281],[-3.13646,47.71377],[-3.13674,47.71205],[-3.13883,47.71281]]],[[[-2.85956,47.55989],[-2.84247,47.60451],[-2.82832,47.59131],[-2.8496,47.58738],[-2.85956,47.55989]]],[[[-2.80961,47.57826],[-2.79598,47.6041],[-2.78656,47.59483],[-2.80961,47.57826]]],[[[-2.72741,47.57259],[-2.73874,47.58377],[-2.72668,47.57961],[-2.72741,47.57259]]],[[[-2.78595,47.56848],[-2.79443,47.57018],[-2.79191,47.57778],[-2.78595,47.56848]]],[[[-2.75329,47.6022],[-2.77026,47.60613],[-2.76489,47.60985],[-2.75329,47.6022]]],[[[-2.77709,47.58636],[-2.78304,47.59079],[-2.7753,47.5955],[-2.77709,47.58636]]],[[[-2.90904,47.56668],[-2.912,47.5757],[-2.90875,47.57724],[-2.90904,47.56668]]],[[[-2.89901,47.57105],[-2.89853,47.57635],[-2.89574,47.57296],[-2.89901,47.57105]]],[[[-2.72586,47.5906],[-2.72945,47.59256],[-2.72333,47.59337],[-2.72586,47.5906]]],[[[-2.88918,47.56523],[-2.88877,47.57044],[-2.8856,47.56883],[-2.88918,47.56523]]],[[[-2.78787,47.56142],[-2.79531,47.56474],[-2.78724,47.56329],[-2.78787,47.56142]]],[[[-2.7743,47.61285],[-2.78423,47.61552],[-2.77476,47.61488],[-2.7743,47.61285]]],[[[-2.8469,47.60959],[-2.85187,47.61076],[-2.85079,47.61329],[-2.8469,47.60959]]],[[[-2.8468,47.55397],[-2.84492,47.56001],[-2.84271,47.55776],[-2.8468,47.55397]]],[[[-2.92842,47.57739],[-2.93082,47.58143],[-2.92583,47.5789],[-2.92842,47.57739]]],[[[-2.80915,47.59424],[-2.81293,47.59812],[-2.8085,47.59647],[-2.80915,47.59424]]],[[[-2.80512,47.56079],[-2.80757,47.56406],[-2.80336,47.56326],[-2.80512,47.56079]]],[[[-2.83027,47.55656],[-2.83267,47.55857],[-2.82879,47.55839],[-2.83027,47.55656]]],[[[-2.84854,47.56021],[-2.85076,47.5611],[-2.84671,47.56128],[-2.84854,47.56021]]],[[[-2.9298,47.58391],[-2.93327,47.58465],[-2.93062,47.58612],[-2.9298,47.58391]]],[[[-2.8046,47.60714],[-2.80562,47.60863],[-2.8009,47.60942],[-2.8046,47.60714]]],[[[-2.74768,47.5749],[-2.74993,47.57621],[-2.74633,47.57618],[-2.74768,47.5749]]],[[[-2.88379,47.56525],[-2.88737,47.56298],[-2.88607,47.56546],[-2.88379,47.56525]]],[[[-2.76314,47.59036],[-2.76477,47.59195],[-2.76232,47.59216],[-2.76314,47.59036]]],[[[-2.91346,47.5777],[-2.91461,47.57987],[-2.91222,47.57862],[-2.91346,47.5777]]],[[[-2.86899,47.57664],[-2.86788,47.57894],[-2.8666,47.57811],[-2.86899,47.57664]]],[[[-2.72368,47.59848],[-2.72593,47.59965],[-2.72346,47.60043],[-2.72368,47.59848]]],[[[-3.16005,47.71906],[-3.15621,47.7201],[-3.16059,47.707],[-3.16005,47.71906]]],[[[-3.17005,47.68541],[-3.17288,47.68766],[-3.1702,47.68878],[-3.17005,47.68541]]],[[[-3.17801,47.68629],[-3.17898,47.68926],[-3.17658,47.68735],[-3.17801,47.68629]]],[[[-3.18521,47.68609],[-3.18693,47.68794],[-3.18391,47.68714],[-3.18521,47.68609]]],[[[-3.56484,48.18575],[-3.43228,48.1812],[-3.42109,48.17446],[-3.43869,48.15984],[-3.41997,48.14827],[-3.33772,48.17077],[-3.3254,48.15017],[-3.21833,48.14416],[-3.19155,48.16476],[-3.1395,48.16369],[-3.13183,48.19429],[-3.07801,48.21088],[-3.02382,48.19626],[-2.99975,48.16071],[-2.94699,48.17184],[-2.8563,48.14304],[-2.80753,48.14623],[-2.78204,48.12094],[-2.77766,48.09036],[-2.75794,48.11167],[-2.66744,48.13287],[-2.65231,48.11878],[-2.66784,48.06555],[-2.65776,48.03313],[-2.55218,48.07619],[-2.5541,48.09809],[-2.51808,48.12519],[-2.53171,48.15034],[-2.5204,48.15833],[-2.41845,48.17282],[-2.36023,48.11364],[-2.28888,48.13377],[-2.25361,48.1057],[-2.25536,48.06569],[-2.21115,48.0797],[-2.17121,48.07085],[-2.26447,48.03916],[-2.28754,47.9915],[-2.23913,47.99966],[-2.14078,47.98014],[-2.08499,47.92353],[-2.0824,47.91022],[-2.11205,47.89486],[-2.10183,47.84408],[-2.06163,47.86357],[-2.04038,47.83529],[-2.08195,47.78714],[-2.12698,47.77034],[-2.05808,47.74197],[-2.12565,47.72521],[-2.12508,47.69068],[-2.10287,47.66699],[-2.1138,47.6477],[-2.08438,47.61296],[-2.09927,47.59749],[-2.09683,47.54033],[-2.15121,47.52257],[-2.16361,47.4906],[-2.20667,47.51004],[-2.25047,47.49597],[-2.2981,47.51548],[-2.31697,47.46129],[-2.3962,47.4565],[-2.42808,47.47586],[-2.47941,47.44365],[-2.49633,47.4552],[-2.501,47.49272],[-2.42574,47.49417],[-2.52087,47.52695],[-2.63394,47.50651],[-2.57384,47.52408],[-2.5841,47.52644],[-2.56386,47.54717],[-2.58685,47.56352],[-2.58287,47.5433],[-2.59921,47.53297],[-2.61764,47.54439],[-2.60896,47.56554],[-2.63027,47.53353],[-2.66416,47.54857],[-2.66727,47.53789],[-2.62748,47.52514],[-2.66125,47.51913],[-2.68097,47.49264],[-2.7326,47.50562],[-2.79372,47.48419],[-2.84233,47.49581],[-2.91534,47.55563],[-2.87853,47.56382],[-2.84963,47.53934],[-2.82982,47.54852],[-2.82692,47.53783],[-2.82436,47.55394],[-2.79839,47.53801],[-2.78493,47.55168],[-2.73078,47.5423],[-2.7138,47.5794],[-2.68931,47.59088],[-2.69009,47.63645],[-2.71245,47.64841],[-2.69562,47.61098],[-2.71645,47.61494],[-2.71341,47.59475],[-2.77289,47.61755],[-2.73966,47.6137],[-2.7599,47.64057],[-2.79155,47.6431],[-2.78158,47.62258],[-2.8673,47.61719],[-2.8587,47.60145],[-2.88292,47.60243],[-2.88622,47.58119],[-2.91778,47.58233],[-2.92744,47.60123],[-2.934,47.58664],[-2.94229,47.62579],[-2.97555,47.65777],[-2.95699,47.6208],[-2.96403,47.59051],[-2.93472,47.56115],[-2.97607,47.55904],[-2.99443,47.59069],[-2.98821,47.56916],[-3.00042,47.56743],[-3.02302,47.59145],[-3.01999,47.57068],[-3.03805,47.58183],[-3.08958,47.56451],[-3.12703,47.59836],[-3.12975,47.52191],[-3.08097,47.47038],[-3.13803,47.48082],[-3.15468,47.52366],[-3.13868,47.5402],[-3.1435,47.5856],[-3.21074,47.64182],[-3.19623,47.67786],[-3.13567,47.69776],[-3.16178,47.69463],[-3.14717,47.71214],[-3.10438,47.71753],[-3.15262,47.71891],[-3.13554,47.72889],[-3.14712,47.75235],[-3.17135,47.73138],[-3.20083,47.74489],[-3.17314,47.72994],[-3.16923,47.70971],[-3.19868,47.69951],[-3.19134,47.69246],[-3.21072,47.69835],[-3.21212,47.64613],[-3.29412,47.68758],[-3.35374,47.68877],[-3.35246,47.70038],[-3.27938,47.68838],[-3.29656,47.70302],[-3.36394,47.70906],[-3.34438,47.71417],[-3.34697,47.7328],[-3.30571,47.74811],[-3.28241,47.79247],[-3.34425,47.74159],[-3.38994,47.82168],[-3.35583,47.73241],[-3.3832,47.70429],[-3.45276,47.69534],[-3.52865,47.76544],[-3.5201,47.79757],[-3.53829,47.83602],[-3.51951,47.84901],[-3.48464,47.82442],[-3.44233,47.86423],[-3.39905,47.86361],[-3.41854,47.90412],[-3.38703,47.92524],[-3.40138,47.94496],[-3.39261,47.95189],[-3.41486,47.97501],[-3.46395,47.94697],[-3.49782,47.97594],[-3.55274,47.99208],[-3.64023,47.98524],[-3.67369,48.05243],[-3.70871,48.06681],[-3.69798,48.09172],[-3.72528,48.09496],[-3.73033,48.11539],[-3.71146,48.14392],[-3.56484,48.18575]]]]}},{"type":"Feature","properties":{"code":"57","nom":"Moselle"},"geometry":{"type":"Polygon","coordinates":[[[7.63529,49.05416],[7.57839,48.9574],[7.54145,48.93407],[7.44393,48.96416],[7.32685,48.94337],[7.24499,48.98696],[7.20931,48.98009],[7.17724,49.00483],[7.13051,49.00459],[7.10169,49.06373],[7.11331,49.06475],[7.06751,49.06637],[7.07281,49.04646],[7.03057,48.98711],[7.03222,48.95605],[6.99509,48.95847],[6.96535,48.92729],[6.9462,48.93513],[6.9646,48.90453],[6.95467,48.89389],[7.09573,48.86214],[7.09676,48.85165],[7.05126,48.84404],[7.05451,48.8137],[7.08308,48.81279],[7.06719,48.79948],[7.07457,48.78855],[7.12068,48.79942],[7.1476,48.82186],[7.14559,48.84262],[7.17985,48.84883],[7.21657,48.82027],[7.2544,48.81987],[7.247,48.81207],[7.28837,48.79649],[7.30939,48.76739],[7.26017,48.6943],[7.24687,48.69513],[7.26465,48.66459],[7.30435,48.6602],[7.26797,48.63345],[7.27966,48.62818],[7.25639,48.60151],[7.26457,48.59291],[7.16791,48.5276],[7.08775,48.53101],[7.00183,48.59185],[7.0172,48.60784],[6.95092,48.6109],[6.9275,48.63488],[6.91018,48.62027],[6.84774,48.62322],[6.82719,48.64523],[6.78249,48.64273],[6.75988,48.66978],[6.72966,48.66406],[6.68876,48.68171],[6.67154,48.66982],[6.67454,48.69239],[6.65875,48.70803],[6.59897,48.71569],[6.5622,48.75634],[6.50506,48.74732],[6.43195,48.7883],[6.36444,48.77998],[6.35454,48.80852],[6.30112,48.82425],[6.33802,48.82679],[6.32831,48.836],[6.28544,48.84478],[6.30765,48.86235],[6.30509,48.88928],[6.32692,48.89661],[6.31381,48.91877],[6.17149,48.94422],[6.14191,48.93295],[6.11114,48.96936],[6.03705,48.98263],[6.04511,49.01352],[5.9532,49.05401],[5.92479,49.0919],[5.92975,49.10449],[5.9974,49.10784],[5.99733,49.13471],[5.98582,49.13602],[6.02615,49.16512],[5.98152,49.19302],[6.03165,49.24967],[6.0001,49.27763],[6.0058,49.30994],[5.98219,49.30693],[5.94138,49.33536],[5.97779,49.3443],[5.92492,49.373],[5.93588,49.3787],[5.91734,49.41579],[5.94228,49.43035],[5.9401,49.47761],[5.89791,49.48079],[5.89537,49.49248],[5.94311,49.50023],[5.96464,49.49285],[5.98765,49.46241],[5.97896,49.45499],[6.04215,49.4478],[6.05264,49.46412],[6.10081,49.45289],[6.12786,49.49374],[6.17112,49.5078],[6.25641,49.51002],[6.36155,49.46093],[6.42625,49.47546],[6.55214,49.42225],[6.53896,49.40385],[6.59508,49.37144],[6.58967,49.35102],[6.56716,49.35703],[6.56845,49.34492],[6.6637,49.28228],[6.66033,49.26097],[6.69055,49.24764],[6.69593,49.21501],[6.72683,49.21299],[6.71136,49.18854],[6.73851,49.16366],[6.84765,49.1573],[6.85856,49.18638],[6.83538,49.21132],[6.92907,49.22191],[7.03331,49.19126],[7.04976,49.11453],[7.08888,49.13022],[7.08224,49.15203],[7.10558,49.15538],[7.10278,49.14415],[7.15468,49.12297],[7.23572,49.12873],[7.29093,49.11577],[7.32371,49.14269],[7.35523,49.14388],[7.36508,49.17184],[7.43815,49.18334],[7.43264,49.16588],[7.494,49.16964],[7.5064,49.15492],[7.48958,49.13653],[7.54539,49.08808],[7.63084,49.07281],[7.63529,49.05416]]]}},{"type":"Feature","properties":{"code":"58","nom":"Nièvre"},"geometry":{"type":"Polygon","coordinates":[[[2.87463,47.52042],[2.84519,47.54493],[2.98353,47.56893],[3.02195,47.55626],[3.09828,47.58803],[3.12073,47.57821],[3.12205,47.54105],[3.20761,47.52119],[3.24072,47.48905],[3.28525,47.50394],[3.33771,47.47044],[3.37674,47.4853],[3.39042,47.50915],[3.48828,47.49383],[3.49212,47.55783],[3.50317,47.55889],[3.5135,47.52767],[3.58062,47.49786],[3.58328,47.46149],[3.67013,47.44699],[3.7263,47.39825],[3.78418,47.40527],[3.82407,47.38106],[3.82149,47.40061],[3.87213,47.43118],[3.89232,47.41917],[3.86158,47.39384],[3.87539,47.36513],[3.95817,47.38982],[3.97343,47.37288],[3.96204,47.36881],[3.97329,47.33145],[3.99942,47.3124],[4.02799,47.3142],[4.05367,47.33942],[4.11619,47.33663],[4.1399,47.35686],[4.11799,47.31131],[4.1247,47.25268],[4.14448,47.23968],[4.17581,47.25188],[4.22983,47.20048],[4.19445,47.14751],[4.11507,47.14616],[4.11597,47.12334],[4.04957,47.11049],[4.04153,47.07718],[4.06975,47.06006],[4.05765,47.01719],[3.99505,46.97515],[4.0394,46.98098],[4.05572,46.95675],[4.03899,46.94323],[4.04261,46.90671],[4.09972,46.86164],[4.04463,46.83697],[4.06179,46.78748],[3.99766,46.77858],[3.93336,46.7417],[3.80264,46.70229],[3.77817,46.73845],[3.74358,46.74955],[3.66042,46.73754],[3.58716,46.75915],[3.598,46.72398],[3.54811,46.72232],[3.55354,46.68438],[3.5216,46.6858],[3.48619,46.65327],[3.44696,46.66077],[3.45272,46.68658],[3.42182,46.71373],[3.38479,46.71345],[3.34344,46.68516],[3.31841,46.68844],[3.30092,46.7163],[3.27306,46.71649],[3.19882,46.67951],[3.12542,46.72871],[3.0618,46.74913],[3.03207,46.79491],[3.06864,46.85464],[3.05141,46.90496],[3.07652,46.95145],[3.06281,46.98712],[3.07581,47.02342],[3.01934,47.06817],[3.02809,47.12907],[2.98168,47.222],[2.9834,47.25976],[2.87655,47.32193],[2.87039,47.34315],[2.93141,47.43262],[2.87463,47.52042]]]}},{"type":"Feature","properties":{"code":"59","nom":"Nord"},"geometry":{"type":"MultiPolygon","coordinates":[[[[3.0404,50.15971],[3.07606,50.17148],[3.09404,50.1618],[3.06729,50.12874],[3.00071,50.11794],[3.00038,50.14452],[3.0404,50.15971]]],[[[2.06771,51.00651],[2.11669,50.99524],[2.1081,51.00416],[2.14851,51.03403],[2.19025,51.01804],[2.17984,51.01983],[2.19317,51.03858],[2.17056,51.04403],[2.21401,51.03168],[2.34954,51.06059],[2.38683,51.04962],[2.53803,51.08612],[2.5629,51.06461],[2.57141,51.01021],[2.6069,50.99091],[2.62852,50.95033],[2.59471,50.9207],[2.60935,50.8942],[2.59959,50.85333],[2.63083,50.81861],[2.71748,50.81361],[2.79375,50.72624],[2.90984,50.69343],[2.95825,50.75345],[3.14732,50.79024],[3.20926,50.71115],[3.25554,50.70312],[3.26003,50.68232],[3.24011,50.65856],[3.27947,50.59564],[3.28709,50.53117],[3.38012,50.49259],[3.45008,50.50723],[3.47081,50.53093],[3.51832,50.52463],[3.49905,50.48877],[3.60709,50.49728],[3.66145,50.45748],[3.67302,50.4048],[3.65802,50.37345],[3.70572,50.30821],[3.728,50.30943],[3.74243,50.34887],[3.84741,50.3531],[3.90005,50.32728],[4.02196,50.35689],[4.12272,50.29785],[4.1247,50.27331],[4.15046,50.257],[4.16847,50.26612],[4.1553,50.28489],[4.20796,50.273],[4.2207,50.2522],[4.16027,50.21404],[4.15514,50.16524],[4.12693,50.13501],[4.19704,50.13531],[4.19763,50.10702],[4.23078,50.07334],[4.14429,50.03073],[4.1385,50.0118],[4.15842,49.99035],[4.08428,49.96932],[3.9808,49.99358],[3.99062,50.03994],[3.8953,50.01565],[3.87503,50.03657],[3.7519,50.05147],[3.71518,50.06927],[3.66079,50.05196],[3.6585,50.02936],[3.61029,50.02779],[3.55671,50.05427],[3.49066,50.01889],[3.36912,50.03641],[3.33014,50.0167],[3.27923,50.01497],[3.26395,50.03069],[3.17382,50.01186],[3.11906,50.02617],[3.08422,50.05571],[3.11381,50.09397],[3.09576,50.12024],[3.13533,50.14074],[3.10875,50.15851],[3.15638,50.18156],[3.1314,50.1994],[3.14279,50.21924],[3.18828,50.2285],[3.14717,50.24622],[3.14061,50.26502],[3.01072,50.26903],[3.02567,50.28589],[3.0551,50.28229],[3.05443,50.30207],[3.07843,50.30764],[2.98441,50.39987],[3.06921,50.4294],[3.06918,50.45769],[3.02184,50.44295],[3.00695,50.45766],[3.0305,50.47973],[2.96471,50.51278],[2.88208,50.50775],[2.88696,50.53766],[2.79859,50.52934],[2.79447,50.54921],[2.81663,50.5648],[2.78943,50.58297],[2.84343,50.62945],[2.86974,50.6311],[2.80919,50.66937],[2.76327,50.65907],[2.79245,50.63367],[2.76624,50.63398],[2.74627,50.60471],[2.71603,50.63078],[2.68196,50.6363],[2.63683,50.62067],[2.58293,50.63535],[2.5451,50.62545],[2.53271,50.64345],[2.48749,50.63213],[2.4037,50.67946],[2.36395,50.68141],[2.38611,50.69745],[2.34005,50.74118],[2.40778,50.76242],[2.39873,50.77514],[2.28858,50.77703],[2.21669,50.812],[2.13128,50.96627],[2.06771,51.00651]]]]}},{"type":"Feature","properties":{"code":"60","nom":"Oise"},"geometry":{"type":"MultiPolygon","coordinates":[[[[3.04449,49.22949],[3.04702,49.22943],[3.04523,49.22704],[3.04449,49.22949]]],[[[2.99023,49.21067],[2.98182,49.21643],[2.99526,49.22278],[2.99023,49.21067]]],[[[2.99856,49.19307],[2.99888,49.19111],[2.99665,49.19124],[2.99856,49.19307]]],[[[1.78384,49.75831],[1.84125,49.73438],[1.82684,49.7256],[1.843,49.70454],[1.87924,49.69831],[1.9267,49.71696],[1.94718,49.70407],[1.96471,49.71691],[2.02677,49.71131],[2.06986,49.68419],[2.24282,49.70214],[2.32599,49.6835],[2.37086,49.65635],[2.44254,49.65303],[2.47086,49.62381],[2.50475,49.63947],[2.56647,49.6188],[2.55881,49.60705],[2.57785,49.59626],[2.62083,49.61145],[2.64633,49.57299],[2.66655,49.57973],[2.68756,49.62475],[2.79402,49.61755],[2.8,49.65867],[2.84335,49.65853],[2.86615,49.68545],[2.883,49.67444],[2.87943,49.70792],[2.91232,49.70443],[2.95213,49.66759],[2.94939,49.6863],[2.99618,49.70712],[3.02162,49.68328],[3.05532,49.69401],[3.05243,49.71377],[3.07665,49.71069],[3.07811,49.69319],[3.12244,49.70156],[3.11435,49.68376],[3.12655,49.66679],[3.10187,49.65654],[3.11169,49.63798],[3.09358,49.62255],[3.1356,49.58041],[3.12668,49.52911],[3.09578,49.5134],[3.12381,49.48012],[3.10709,49.46823],[3.16619,49.44701],[3.1245,49.43182],[3.10051,49.43931],[3.0951,49.37654],[3.05889,49.33977],[2.96844,49.32631],[2.98611,49.28898],[3.03659,49.28077],[3.02771,49.26456],[3.04191,49.23038],[3.02466,49.2188],[3.00382,49.22143],[3.0136,49.2288],[3.00339,49.23502],[2.95964,49.22861],[2.98036,49.18465],[3.03378,49.16996],[2.99542,49.20907],[3.01879,49.21662],[3.08024,49.19444],[3.08133,49.167],[3.09807,49.15434],[3.08483,49.17112],[3.11287,49.19265],[3.11212,49.1717],[3.13808,49.15227],[3.1055,49.14688],[3.11531,49.13908],[3.06969,49.11752],[3.051,49.08509],[3.01555,49.09123],[2.97746,49.07266],[2.96531,49.09116],[2.85465,49.07018],[2.80925,49.09754],[2.76834,49.08326],[2.77183,49.06823],[2.75355,49.06074],[2.72466,49.07537],[2.68991,49.06757],[2.65021,49.10055],[2.59052,49.07965],[2.55817,49.09839],[2.55714,49.12171],[2.53862,49.12166],[2.53106,49.0996],[2.48993,49.10636],[2.50326,49.11758],[2.45823,49.14114],[2.4354,49.13394],[2.4409,49.1458],[2.38045,49.15804],[2.36079,49.14873],[2.31876,49.18524],[2.28641,49.15992],[2.22958,49.15129],[2.21752,49.15366],[2.23436,49.166],[2.21865,49.18068],[2.17059,49.16606],[2.14705,49.1881],[2.10362,49.18892],[2.08117,49.20681],[2.00184,49.17594],[1.97522,49.18366],[1.88257,49.16249],[1.79368,49.18364],[1.74269,49.17979],[1.72208,49.2025],[1.73411,49.22128],[1.69904,49.23487],[1.70917,49.26446],[1.75869,49.27236],[1.7669,49.25204],[1.78908,49.24904],[1.79754,49.28845],[1.77448,49.29146],[1.76096,49.36621],[1.72193,49.39295],[1.74038,49.40568],[1.71497,49.41476],[1.79033,49.49703],[1.77186,49.51285],[1.74687,49.48989],[1.71785,49.50296],[1.7483,49.53845],[1.72718,49.54163],[1.71541,49.57542],[1.69406,49.57903],[1.71588,49.58217],[1.70276,49.59774],[1.72136,49.62468],[1.70191,49.64145],[1.749,49.69214],[1.74354,49.70213],[1.71771,49.68437],[1.69692,49.68911],[1.71277,49.72945],[1.74546,49.73856],[1.74642,49.75628],[1.78384,49.75831]]]]}},{"type":"Feature","properties":{"code":"61","nom":"Orne"},"geometry":{"type":"Polygon","coordinates":[[[-0.84094,48.75222],[-0.78063,48.78665],[-0.71927,48.79902],[-0.68217,48.82183],[-0.70109,48.83155],[-0.68667,48.84646],[-0.6319,48.82694],[-0.57457,48.83038],[-0.42521,48.87226],[-0.38621,48.84526],[-0.36581,48.84872],[-0.34624,48.822],[-0.31307,48.85809],[-0.2044,48.84644],[-0.12751,48.81627],[-0.14531,48.83149],[-0.06938,48.84257],[0.12761,48.95222],[0.16489,48.92567],[0.19185,48.94192],[0.23046,48.9394],[0.26305,48.96474],[0.34179,48.94527],[0.37731,48.97255],[0.41281,48.95063],[0.38619,48.91041],[0.42142,48.89037],[0.54323,48.87552],[0.58465,48.89209],[0.63031,48.85359],[0.62206,48.82964],[0.75276,48.7728],[0.77104,48.74143],[0.73334,48.71046],[0.76441,48.69736],[0.7754,48.66945],[0.80732,48.67078],[0.82996,48.63227],[0.81964,48.60987],[0.84376,48.60844],[0.85747,48.58051],[0.93412,48.55428],[0.93304,48.53236],[0.96774,48.52388],[0.94155,48.49869],[0.95629,48.48228],[0.93753,48.46949],[0.96932,48.44134],[0.90903,48.37026],[0.7879,48.34109],[0.77314,48.32551],[0.75567,48.29982],[0.80543,48.29088],[0.78907,48.26156],[0.82729,48.21885],[0.75567,48.18199],[0.66168,48.26037],[0.63977,48.26103],[0.63702,48.23986],[0.54078,48.24902],[0.4966,48.28222],[0.48757,48.3078],[0.4805,48.29859],[0.39554,48.32047],[0.38048,48.3418],[0.38244,48.4249],[0.35426,48.459],[0.30072,48.48049],[0.14921,48.45751],[0.15131,48.43723],[0.11718,48.43603],[0.05233,48.37994],[-0.00135,48.39738],[-0.05466,48.378],[-0.05143,48.45031],[-0.14688,48.45644],[-0.1725,48.51054],[-0.1446,48.52775],[-0.23926,48.56533],[-0.26265,48.54864],[-0.24642,48.53205],[-0.27155,48.50745],[-0.32024,48.52292],[-0.35179,48.48623],[-0.39907,48.51039],[-0.46708,48.51309],[-0.65399,48.44428],[-0.66884,48.48646],[-0.68514,48.47054],[-0.72462,48.47321],[-0.73367,48.4673],[-0.71489,48.45435],[-0.76492,48.43666],[-0.7817,48.46608],[-0.81515,48.45768],[-0.85909,48.50051],[-0.77665,48.5622],[-0.74135,48.6209],[-0.77336,48.65748],[-0.73572,48.68154],[-0.81585,48.72912],[-0.84664,48.72943],[-0.84094,48.75222]],[[-0.43055,48.86309],[-0.43131,48.86545],[-0.43295,48.86331],[-0.43055,48.86309]]]}},{"type":"Feature","properties":{"code":"62","nom":"Pas-de-Calais"},"geometry":{"type":"Polygon","coordinates":[[[2.06771,51.00651],[2.09287,51.00278],[2.13534,50.96426],[2.21851,50.81009],[2.28858,50.77703],[2.36938,50.77152],[2.37351,50.78338],[2.40997,50.76705],[2.33805,50.73623],[2.38356,50.70059],[2.36352,50.68464],[2.38078,50.67103],[2.40321,50.68166],[2.49572,50.63165],[2.52869,50.64238],[2.55518,50.62579],[2.5852,50.6371],[2.62686,50.62025],[2.71009,50.6304],[2.74627,50.60471],[2.75946,50.63513],[2.78582,50.62816],[2.76692,50.64863],[2.77187,50.66493],[2.82948,50.66125],[2.86974,50.6311],[2.84343,50.62945],[2.79313,50.58745],[2.81663,50.5648],[2.79447,50.54921],[2.79967,50.53033],[2.88696,50.53766],[2.89148,50.50123],[2.97158,50.50982],[3.02586,50.48505],[3.00695,50.45766],[3.01635,50.44209],[3.0615,50.45653],[3.08179,50.44373],[3.02517,50.40758],[2.981,50.40338],[3.00672,50.3656],[3.07845,50.31613],[3.04775,50.29371],[3.05485,50.28427],[3.0178,50.28459],[3.01856,50.26439],[3.05261,50.27592],[3.13767,50.26476],[3.18671,50.23493],[3.13839,50.21212],[3.15258,50.18499],[3.13758,50.16667],[3.10576,50.16419],[3.13475,50.14322],[3.09576,50.1242],[3.11381,50.09397],[3.08834,50.08307],[3.09025,50.05374],[3.01,50.05711],[2.97478,50.04377],[2.94544,50.05417],[2.86709,50.02116],[2.85838,50.03499],[2.87759,50.04241],[2.84809,50.07833],[2.75294,50.03897],[2.7802,50.11116],[2.71672,50.12779],[2.69795,50.106],[2.70729,50.08386],[2.5837,50.11188],[2.57164,50.11662],[2.58663,50.13736],[2.55238,50.14273],[2.53534,50.11485],[2.50404,50.1402],[2.4603,50.1315],[2.41862,50.08766],[2.37859,50.10872],[2.38021,50.12269],[2.38898,50.15469],[2.49035,50.19268],[2.4529,50.22698],[2.40343,50.23385],[2.35485,50.20766],[2.3342,50.23782],[2.32284,50.23612],[2.33329,50.21849],[2.29875,50.21197],[2.26678,50.22643],[2.1476,50.19155],[2.12874,50.2099],[2.08332,50.20433],[2.06545,50.25504],[1.93356,50.29786],[1.96427,50.32174],[1.95443,50.32863],[1.90291,50.31267],[1.77878,50.36187],[1.66988,50.33096],[1.62962,50.36942],[1.5566,50.39625],[1.58855,50.53935],[1.65438,50.50838],[1.57661,50.57223],[1.5625,50.7244],[1.59686,50.7275],[1.6056,50.7676],[1.58355,50.87182],[1.64577,50.88056],[1.77249,50.95254],[2.06771,51.00651]],[[3.0404,50.15971],[3.00038,50.14452],[2.99932,50.11885],[3.06729,50.12874],[3.06814,50.14734],[3.09235,50.16136],[3.0658,50.17344],[3.0404,50.15971]]]}},{"type":"Feature","properties":{"code":"63","nom":"Puy-de-Dôme"},"geometry":{"type":"Polygon","coordinates":[[[2.56538,46.14303],[2.64828,46.12098],[2.68317,46.1754],[2.7231,46.18152],[2.7368,46.22169],[2.80876,46.19469],[2.83791,46.2512],[2.91968,46.25023],[2.93995,46.24221],[2.91182,46.20573],[2.91831,46.18248],[2.9535,46.16651],[2.96766,46.1258],[3.01428,46.10291],[3.09062,46.11453],[3.09828,46.08361],[3.12892,46.07013],[3.30239,46.06577],[3.33205,46.0441],[3.42271,46.07111],[3.46222,46.05588],[3.46398,46.01285],[3.59624,46.01955],[3.63172,45.9626],[3.67676,45.95806],[3.75059,45.89426],[3.72082,45.87133],[3.71911,45.80836],[3.69157,45.79236],[3.73182,45.7745],[3.73452,45.74942],[3.76571,45.73534],[3.77699,45.69458],[3.81967,45.6394],[3.93502,45.57838],[3.96484,45.50322],[3.98485,45.49177],[3.96876,45.45196],[3.95948,45.43396],[3.89919,45.41031],[3.89741,45.35708],[3.85145,45.36247],[3.80219,45.39174],[3.79,45.35388],[3.6972,45.36261],[3.70565,45.36871],[3.67651,45.38068],[3.62585,45.33835],[3.58615,45.36503],[3.56925,45.40229],[3.51219,45.40718],[3.493,45.42357],[3.41545,45.40083],[3.38154,45.40069],[3.35595,45.4227],[3.33326,45.40037],[3.29817,45.4203],[3.29003,45.40066],[3.23516,45.39113],[3.1746,45.35533],[3.09646,45.35204],[3.06235,45.32909],[3.05233,45.30279],[3.01018,45.2898],[2.95207,45.30979],[2.89978,45.37691],[2.8216,45.40017],[2.71434,45.38183],[2.68023,45.40978],[2.68009,45.43695],[2.63337,45.44496],[2.61751,45.4701],[2.60365,45.45002],[2.56596,45.46468],[2.53653,45.45655],[2.54371,45.47759],[2.51056,45.47944],[2.51684,45.55302],[2.46174,45.59556],[2.4866,45.64128],[2.52079,45.64289],[2.521,45.70893],[2.48793,45.74356],[2.4445,45.75819],[2.39232,45.82188],[2.40367,45.83843],[2.4459,45.84496],[2.44265,45.86404],[2.49223,45.86403],[2.55501,45.91251],[2.54507,45.92706],[2.56357,45.95559],[2.61087,45.97415],[2.5933,45.99921],[2.60121,46.03117],[2.57073,46.0473],[2.5504,46.0876],[2.56538,46.14303]]]}},{"type":"Feature","properties":{"code":"64","nom":"Pyrénées-Atlantiques"},"geometry":{"type":"Polygon","coordinates":[[[-0.24284,43.58498],[-0.17877,43.59637],[-0.16045,43.58057],[-0.09605,43.57792],[-0.09497,43.54814],[-0.06044,43.54054],[-0.04122,43.51327],[-0.04957,43.49192],[-0.01782,43.47215],[-0.06303,43.46346],[-0.0696,43.43297],[-0.05078,43.41959],[-0.06231,43.4178],[-0.04298,43.4102],[-0.00632,43.44384],[0.00767,43.42374],[-0.00483,43.37706],[0.0295,43.34615],[0.01277,43.32753],[-0.02537,43.32962],[-0.04392,43.30446],[-0.01701,43.27045],[-0.04645,43.22512],[-0.07086,43.22429],[-0.06787,43.17712],[-0.09753,43.1682],[-0.1177,43.18033],[-0.14613,43.12824],[-0.19384,43.11502],[-0.18644,43.08427],[-0.19922,43.06779],[-0.18156,43.05254],[-0.22086,43.03488],[-0.25266,43.03938],[-0.2627,43.0114],[-0.28724,43.00592],[-0.2803,42.93773],[-0.32717,42.9165],[-0.31086,42.85314],[-0.39494,42.79892],[-0.44348,42.79592],[-0.50894,42.82552],[-0.52973,42.79153],[-0.56235,42.78052],[-0.56486,42.80117],[-0.59854,42.80478],[-0.60925,42.83496],[-0.67562,42.88006],[-0.73185,42.89605],[-0.73089,42.93869],[-0.75164,42.96694],[-0.81002,42.95143],[-0.9098,42.9636],[-0.94582,42.95357],[-1.0146,42.99308],[-1.07076,42.99768],[-1.11251,43.02172],[-1.14457,43.01317],[-1.1641,43.03486],[-1.22562,43.05458],[-1.26084,43.04363],[-1.30203,43.06745],[-1.27702,43.11272],[-1.28932,43.11575],[-1.33847,43.10086],[-1.35165,43.03195],[-1.44122,43.04631],[-1.47321,43.08676],[-1.41194,43.13852],[-1.37779,43.23013],[-1.38702,43.25591],[-1.51533,43.2939],[-1.56001,43.28961],[-1.57661,43.24988],[-1.60867,43.25191],[-1.62876,43.2818],[-1.62254,43.30329],[-1.66853,43.31486],[-1.7251,43.29833],[-1.73771,43.3304],[-1.78713,43.35137],[-1.79235,43.3706],[-1.66262,43.39118],[-1.60145,43.43329],[-1.52763,43.52267],[-1.4766,43.53935],[-1.41774,43.50007],[-1.3758,43.49546],[-1.28887,43.49873],[-1.17082,43.54561],[-1.1308,43.51873],[-1.17057,43.49503],[-1.13875,43.49034],[-1.07384,43.5197],[-1.069,43.50845],[-1.00043,43.50513],[-0.98846,43.54143],[-0.8491,43.54167],[-0.77218,43.57853],[-0.71246,43.54201],[-0.70135,43.56068],[-0.64405,43.57436],[-0.65843,43.55826],[-0.60446,43.53883],[-0.54627,43.5455],[-0.44921,43.5963],[-0.43402,43.5815],[-0.46344,43.56659],[-0.45178,43.55022],[-0.40604,43.56823],[-0.33746,43.55104],[-0.24284,43.58498]],[[-0.10333,43.35858],[-0.09023,43.35935],[-0.08657,43.33616],[-0.10928,43.33792],[-0.11339,43.3195],[-0.0703,43.31025],[-0.0625,43.34671],[-0.08317,43.37135],[-0.10728,43.37073],[-0.10333,43.35858]],[[-0.10308,43.24282],[-0.07929,43.27166],[-0.09618,43.28548],[-0.08934,43.30084],[-0.11149,43.3104],[-0.1383,43.2742],[-0.12194,43.24335],[-0.10308,43.24282]]]}},{"type":"Feature","properties":{"code":"65","nom":"Hautes-Pyrénées"},"geometry":{"type":"MultiPolygon","coordinates":[[[[-0.10308,43.24282],[-0.12134,43.2409],[-0.14002,43.26958],[-0.11787,43.30779],[-0.09574,43.30209],[-0.07929,43.27166],[-0.10308,43.24282]]],[[[-0.10333,43.35858],[-0.10728,43.37073],[-0.08702,43.37172],[-0.06317,43.34795],[-0.07999,43.30753],[-0.11339,43.3195],[-0.10928,43.33792],[-0.08657,43.33616],[-0.09023,43.35935],[-0.10333,43.35858]]],[[[-0.09678,43.58241],[-0.04906,43.60931],[-0.01544,43.60551],[0.01566,43.54483],[0.05157,43.52044],[0.11212,43.51737],[0.135,43.46572],[0.16246,43.44992],[0.13955,43.42071],[0.17689,43.39405],[0.18078,43.37387],[0.24148,43.37078],[0.29447,43.38773],[0.30495,43.36978],[0.32448,43.37449],[0.33184,43.34316],[0.38805,43.35562],[0.41439,43.32883],[0.55239,43.32935],[0.63134,43.30217],[0.55515,43.23986],[0.57158,43.22354],[0.56325,43.21427],[0.51465,43.20711],[0.50503,43.17931],[0.442,43.13127],[0.46288,43.12054],[0.45292,43.11255],[0.48904,43.11517],[0.50082,43.09574],[0.55649,43.07826],[0.56406,43.04458],[0.53793,43.04164],[0.52695,43.00892],[0.54018,43.0013],[0.60825,43.03356],[0.62742,43.0001],[0.61224,42.98861],[0.61883,42.97242],[0.64199,42.95287],[0.60429,42.9301],[0.56664,42.86434],[0.47934,42.87772],[0.46024,42.85175],[0.46273,42.75789],[0.44921,42.73476],[0.48248,42.7029],[0.42764,42.6904],[0.3601,42.72429],[0.29063,42.67673],[0.25271,42.71829],[0.17407,42.73408],[-0.01064,42.68439],[-0.06334,42.69623],[-0.06884,42.7179],[-0.1068,42.7205],[-0.15458,42.79275],[-0.18661,42.78667],[-0.31173,42.84789],[-0.3252,42.91192],[-0.2803,42.93773],[-0.28878,43.0003],[-0.26662,43.00856],[-0.25266,43.03938],[-0.22395,43.03369],[-0.18965,43.05202],[-0.19384,43.11502],[-0.14613,43.12824],[-0.12041,43.17578],[-0.0748,43.17675],[-0.0716,43.21982],[-0.04946,43.21718],[-0.01864,43.26821],[-0.0455,43.29583],[-0.02537,43.32962],[0.007,43.32683],[0.0282,43.34352],[-0.00578,43.37302],[0.00966,43.4222],[-0.00075,43.44194],[-0.0647,43.40934],[-0.06575,43.46348],[-0.01909,43.46505],[-0.04399,43.48961],[-0.0437,43.52299],[-0.06844,43.54708],[-0.09195,43.54253],[-0.09678,43.58241]]]]}},{"type":"Feature","properties":{"code":"66","nom":"Pyrénées-Orientales"},"geometry":{"type":"Polygon","coordinates":[[[2.16605,42.66392],[2.18261,42.65175],[2.25515,42.698],[2.31969,42.70649],[2.35735,42.73061],[2.33262,42.83911],[2.38217,42.84847],[2.45614,42.83735],[2.50118,42.85083],[2.73706,42.83557],[2.78905,42.89599],[2.86527,42.91834],[3.04351,42.83815],[3.03843,42.70459],[3.02578,42.70672],[3.04961,42.55014],[3.13595,42.51692],[3.12952,42.48983],[3.17783,42.43948],[3.09035,42.42503],[3.0328,42.47491],[2.9713,42.46614],[2.94877,42.47946],[2.90461,42.45687],[2.87278,42.46706],[2.77879,42.41248],[2.73345,42.42445],[2.67229,42.40265],[2.65206,42.38776],[2.67376,42.35899],[2.66772,42.34115],[2.56187,42.35711],[2.53522,42.33399],[2.47841,42.34439],[2.42627,42.39353],[2.26139,42.43722],[2.1482,42.42005],[2.08625,42.36546],[2.01541,42.34678],[1.9698,42.37698],[1.93238,42.45446],[1.888,42.44921],[1.82696,42.48373],[1.72928,42.49805],[1.72181,42.51704],[1.7483,42.563],[1.87449,42.58141],[1.90018,42.6149],[1.93339,42.60482],[1.97176,42.61692],[1.997,42.65611],[2.12784,42.67227],[2.16605,42.66392]],[[1.96006,42.47045],[1.96935,42.45148],[2.01269,42.44834],[1.98766,42.46941],[1.98953,42.49354],[1.96006,42.47045]]]}},{"type":"Feature","properties":{"code":"67","nom":"Bas-Rhin"},"geometry":{"type":"Polygon","coordinates":[[[7.63529,49.05416],[7.7565,49.0456],[7.80044,49.06412],[7.8663,49.0334],[7.9456,49.05547],[7.97525,49.02971],[8.09138,48.98926],[8.23334,48.96668],[8.19242,48.9526],[8.15267,48.90903],[8.09155,48.8057],[8.02913,48.78648],[8.01471,48.76118],[7.97176,48.75763],[7.96314,48.72135],[7.83982,48.64137],[7.79999,48.58141],[7.8052,48.51357],[7.7682,48.48966],[7.73185,48.3929],[7.7422,48.32381],[7.69128,48.29833],[7.66602,48.22088],[7.60115,48.15838],[7.59531,48.13165],[7.55287,48.12183],[7.47746,48.15656],[7.46809,48.20599],[7.31748,48.24963],[7.33292,48.27269],[7.29251,48.27078],[7.3007,48.28069],[7.27508,48.30561],[7.19828,48.31047],[7.16954,48.3423],[7.12049,48.33335],[7.08444,48.3501],[7.10485,48.37496],[7.08635,48.39737],[7.117,48.48244],[7.09062,48.50366],[7.12699,48.49896],[7.12773,48.50952],[7.08072,48.51255],[7.0731,48.53267],[7.17185,48.53242],[7.26034,48.58998],[7.27843,48.6252],[7.26489,48.63115],[7.30105,48.65644],[7.26861,48.66194],[7.24249,48.69154],[7.26418,48.69899],[7.31334,48.76724],[7.29123,48.794],[7.24766,48.80965],[7.25641,48.81679],[7.18714,48.83342],[7.18745,48.84909],[7.14274,48.84085],[7.14299,48.82006],[7.11715,48.79894],[7.07277,48.79133],[7.08661,48.80549],[7.052,48.81521],[7.05152,48.84114],[7.09573,48.86214],[7.05054,48.85893],[7.03771,48.87552],[6.95467,48.89389],[6.95956,48.91584],[6.94037,48.92393],[6.97509,48.93126],[6.99252,48.96052],[7.02592,48.95605],[7.07593,49.07399],[7.11929,49.06835],[7.10294,49.05736],[7.12737,49.01021],[7.17181,49.00605],[7.20931,48.98009],[7.28944,48.9743],[7.32122,48.94597],[7.45163,48.96796],[7.53325,48.9335],[7.57839,48.9574],[7.63529,49.05416]]]}},{"type":"Feature","properties":{"code":"68","nom":"Haut-Rhin"},"geometry":{"type":"Polygon","coordinates":[[[7.19828,48.31047],[7.28035,48.30083],[7.30411,48.26806],[7.33024,48.2729],[7.31059,48.25371],[7.32649,48.24405],[7.35783,48.2463],[7.46809,48.20599],[7.47014,48.16017],[7.51253,48.15232],[7.51937,48.12611],[7.57731,48.12037],[7.56912,48.039],[7.62196,47.9757],[7.55547,47.87351],[7.56357,47.84773],[7.52963,47.77891],[7.54601,47.72607],[7.51375,47.70282],[7.52114,47.66373],[7.5928,47.60178],[7.58457,47.57862],[7.5,47.53979],[7.52771,47.52155],[7.4978,47.52123],[7.51089,47.50257],[7.48202,47.48114],[7.43006,47.49407],[7.42196,47.48379],[7.45563,47.47298],[7.38558,47.43162],[7.33568,47.44076],[7.25437,47.42406],[7.17436,47.44298],[7.1957,47.48918],[7.13791,47.50213],[7.13788,47.53065],[7.07724,47.59807],[7.01956,47.58854],[7.01294,47.59933],[7.01348,47.64021],[7.04803,47.6841],[7.03184,47.72633],[6.94043,47.77157],[6.86699,47.78331],[6.84268,47.81216],[6.91442,47.84646],[6.8969,47.89083],[6.92877,47.90989],[6.92222,47.94947],[6.94336,47.99796],[7.00747,48.02789],[7.08162,48.11734],[7.08416,48.12921],[7.06133,48.13653],[7.08341,48.17744],[7.17244,48.29748],[7.19828,48.31047]]]}},{"type":"Feature","properties":{"code":"69","nom":"Rhône"},"geometry":{"type":"Polygon","coordinates":[[[4.38808,46.21979],[4.40243,46.2873],[4.43205,46.30129],[4.51272,46.26778],[4.56883,46.29385],[4.58348,46.27083],[4.60921,46.26629],[4.64484,46.30212],[4.68879,46.30134],[4.71039,46.27857],[4.68373,46.25343],[4.73448,46.23432],[4.72166,46.1904],[4.80028,46.15927],[4.74681,46.08779],[4.76168,46.06884],[4.74341,46.05172],[4.75412,45.97674],[4.7287,45.94433],[4.77707,45.93843],[4.80586,45.92157],[4.80463,45.90273],[4.86931,45.90328],[4.90426,45.87454],[4.93082,45.80506],[5.10107,45.81338],[5.08931,45.78428],[5.05933,45.79198],[5.0607,45.78065],[5.15639,45.70474],[5.11263,45.70257],[5.05402,45.66006],[5.03673,45.6129],[5.00475,45.62311],[4.98945,45.61853],[4.99796,45.60341],[4.90564,45.60662],[4.8577,45.58044],[4.77713,45.5874],[4.87281,45.5313],[4.77059,45.45657],[4.72847,45.49088],[4.67097,45.47342],[4.65703,45.48545],[4.65216,45.53259],[4.68391,45.55343],[4.67231,45.57028],[4.64972,45.56486],[4.64712,45.54077],[4.61878,45.57391],[4.47015,45.58489],[4.4757,45.59393],[4.36584,45.67777],[4.39983,45.74362],[4.34923,45.76433],[4.35842,45.78329],[4.37966,45.78399],[4.37732,45.8248],[4.39621,45.86005],[4.34215,45.87718],[4.32322,45.90393],[4.34139,45.92476],[4.2831,45.97578],[4.24804,45.98672],[4.26229,45.99917],[4.29445,45.98984],[4.31251,46.00559],[4.25099,46.0489],[4.29427,46.06081],[4.32157,46.12922],[4.37703,46.14984],[4.41199,46.13624],[4.4376,46.16556],[4.39743,46.18772],[4.42261,46.20256],[4.41511,46.21291],[4.38808,46.21979]]]}},{"type":"Feature","properties":{"code":"70","nom":"Haute-Saône"},"geometry":{"type":"Polygon","coordinates":[[[5.88473,47.92605],[5.93947,47.97946],[5.95882,47.97049],[5.934,47.94551],[5.95371,47.93703],[5.97088,47.95567],[6.00226,47.95609],[6.04118,48.00442],[6.12882,48.02277],[6.15606,48.00694],[6.15094,47.97056],[6.16497,47.95425],[6.20806,47.94676],[6.21442,47.93038],[6.28908,47.95584],[6.38893,47.96079],[6.42973,47.94331],[6.48124,47.88669],[6.54452,47.90537],[6.56828,47.93449],[6.60289,47.94472],[6.64374,47.90503],[6.77976,47.85076],[6.82494,47.80908],[6.76941,47.76315],[6.75625,47.72554],[6.79947,47.64273],[6.7776,47.61564],[6.81828,47.57755],[6.77616,47.53705],[6.6538,47.57571],[6.67018,47.5579],[6.65315,47.54084],[6.62257,47.5294],[6.57498,47.53809],[6.58133,47.50845],[6.55384,47.49031],[6.50057,47.51025],[6.47575,47.48849],[6.45216,47.51675],[6.41765,47.52108],[6.39004,47.50593],[6.33572,47.5065],[6.29916,47.48322],[6.25654,47.42491],[6.17788,47.41697],[6.16918,47.3893],[6.11586,47.39114],[6.10627,47.38573],[6.11976,47.36647],[6.08149,47.37087],[6.07494,47.35123],[6.02355,47.33234],[5.92878,47.34524],[5.92092,47.32756],[5.90078,47.33152],[5.8944,47.31033],[5.86322,47.31615],[5.7352,47.26344],[5.66956,47.27463],[5.64231,47.25619],[5.57231,47.25776],[5.52404,47.30322],[5.475,47.31339],[5.49531,47.3389],[5.49546,47.38732],[5.43383,47.39313],[5.44037,47.44864],[5.3754,47.46017],[5.40764,47.47724],[5.39541,47.49408],[5.4432,47.49488],[5.48886,47.53262],[5.49706,47.55418],[5.48049,47.56395],[5.47954,47.60084],[5.44158,47.62999],[5.42072,47.62743],[5.39945,47.59667],[5.37173,47.61473],[5.41389,47.67496],[5.48277,47.68463],[5.5271,47.67263],[5.5672,47.70523],[5.59668,47.67169],[5.68589,47.68293],[5.68946,47.73194],[5.70958,47.7453],[5.70753,47.76755],[5.67956,47.77822],[5.68989,47.8191],[5.73626,47.81771],[5.7442,47.84885],[5.76513,47.85805],[5.82798,47.85187],[5.8207,47.8691],[5.84839,47.90433],[5.88069,47.90178],[5.88473,47.92605]]]}},{"type":"Feature","properties":{"code":"71","nom":"Saône-et-Loire"},"geometry":{"type":"Polygon","coordinates":[[[4.11597,47.12334],[4.17989,47.11509],[4.18688,47.144],[4.21508,47.15438],[4.26206,47.11311],[4.34111,47.10299],[4.3522,47.06495],[4.37919,47.08216],[4.40938,47.07928],[4.40628,47.05],[4.42728,47.03977],[4.49369,47.02837],[4.50798,47.01245],[4.55348,47.01963],[4.55542,46.98993],[4.59789,46.95111],[4.67578,46.9313],[4.68332,46.90225],[4.88679,46.95051],[4.89469,46.96632],[5.00231,46.95806],[5.00054,46.96911],[5.04493,46.98066],[5.09698,46.94701],[5.22201,46.98886],[5.25265,46.98137],[5.26295,46.92912],[5.3079,46.93837],[5.33552,46.88467],[5.39076,46.89437],[5.40128,46.87018],[5.45796,46.85488],[5.44795,46.82549],[5.34182,46.82562],[5.3312,46.80812],[5.38893,46.77157],[5.3611,46.73098],[5.3951,46.72202],[5.39536,46.68505],[5.44111,46.63754],[5.39596,46.61112],[5.41423,46.60036],[5.40505,46.58258],[5.36768,46.57987],[5.35649,46.56292],[5.364,46.51763],[5.42199,46.50044],[5.41916,46.47944],[5.28373,46.44558],[5.21962,46.46815],[5.19494,46.50812],[5.17266,46.51345],[5.06205,46.48556],[5.00137,46.51187],[4.93359,46.51244],[4.78021,46.17668],[4.75849,46.17206],[4.72438,46.1843],[4.72776,46.23945],[4.68373,46.25343],[4.70834,46.27605],[4.6792,46.30626],[4.63526,46.29929],[4.61243,46.26721],[4.58651,46.26869],[4.56353,46.29433],[4.53726,46.26991],[4.50869,46.26758],[4.42856,46.30176],[4.3977,46.28045],[4.38971,46.21661],[4.36333,46.18203],[4.29529,46.17225],[4.28123,46.15594],[4.24869,46.16603],[4.25811,46.18365],[4.22703,46.17822],[4.20791,46.19484],[4.17614,46.17344],[4.10604,46.19669],[3.99012,46.16911],[3.95731,46.20454],[3.89013,46.21449],[3.90709,46.24075],[3.89927,46.28918],[3.99741,46.32329],[3.97791,46.40047],[4.00081,46.46245],[3.94687,46.49185],[3.87285,46.48707],[3.84459,46.52735],[3.80728,46.51934],[3.74185,46.53951],[3.73732,46.60157],[3.71286,46.61023],[3.69695,46.66058],[3.67361,46.67048],[3.6226,46.74013],[3.73894,46.75231],[3.781,46.73671],[3.79465,46.70203],[3.82906,46.70447],[3.84454,46.72257],[3.92893,46.74014],[3.99323,46.77757],[4.0585,46.78079],[4.05811,46.81765],[4.04237,46.83412],[4.10089,46.85911],[4.04169,46.90951],[4.03991,46.94106],[4.05572,46.95675],[4.0394,46.98098],[4.00957,46.97098],[3.99498,46.98338],[4.05765,47.01719],[4.07343,47.05528],[4.0389,47.08581],[4.04822,47.10745],[4.11597,47.12334]],[[5.45608,46.85084],[5.45803,46.85397],[5.45231,46.85364],[5.45608,46.85084]],[[5.44441,46.84534],[5.44783,46.84673],[5.4429,46.84984],[5.44441,46.84534]]]}},{"type":"Feature","properties":{"code":"72","nom":"Sarthe"},"geometry":{"type":"Polygon","coordinates":[[[-0.05453,48.382],[0.00337,48.39599],[0.05777,48.37916],[0.07055,48.40909],[0.10507,48.41477],[0.11718,48.43603],[0.15131,48.43723],[0.14483,48.45271],[0.26475,48.4847],[0.35426,48.459],[0.38244,48.4249],[0.38063,48.34306],[0.39884,48.3189],[0.48757,48.3078],[0.53605,48.24967],[0.6289,48.23619],[0.64553,48.26206],[0.68295,48.25488],[0.73783,48.18907],[0.7607,48.18021],[0.79766,48.19445],[0.91146,48.14697],[0.91367,48.13504],[0.85257,48.13361],[0.84122,48.10306],[0.81819,48.09831],[0.84817,48.0946],[0.84302,48.07264],[0.79891,48.07099],[0.79705,48.03837],[0.84188,48.03018],[0.82146,47.9893],[0.8487,47.94258],[0.81635,47.93428],[0.81385,47.89799],[0.79002,47.91221],[0.76398,47.89958],[0.77471,47.83937],[0.69369,47.78559],[0.69735,47.76419],[0.62756,47.75194],[0.58535,47.71726],[0.59557,47.68832],[0.61885,47.69348],[0.61481,47.68275],[0.46614,47.64426],[0.44993,47.61933],[0.38685,47.64132],[0.36612,47.62628],[0.40238,47.57842],[0.3813,47.57006],[0.2511,47.61318],[0.20952,47.60483],[0.19218,47.61742],[0.14571,47.58128],[0.11063,47.6059],[0.05322,47.60573],[0.00978,47.62395],[0.00258,47.64229],[-0.02002,47.63712],[-0.07443,47.65967],[-0.0946,47.66226],[-0.13326,47.63432],[-0.19316,47.64792],[-0.21729,47.686],[-0.17341,47.71341],[-0.19362,47.72197],[-0.23343,47.7071],[-0.36251,47.71516],[-0.3836,47.79746],[-0.42512,47.80486],[-0.44786,47.83222],[-0.36922,47.87028],[-0.37933,47.88881],[-0.41104,47.89536],[-0.39398,47.92766],[-0.31987,47.93544],[-0.27657,47.95747],[-0.30002,47.96441],[-0.34166,48.0431],[-0.23309,48.05925],[-0.22232,48.07779],[-0.23671,48.09588],[-0.21546,48.108],[-0.25075,48.13434],[-0.23742,48.14742],[-0.24827,48.15235],[-0.14684,48.20501],[-0.16734,48.26351],[-0.14062,48.29288],[-0.15216,48.34351],[-0.12222,48.33831],[-0.13672,48.36432],[-0.05453,48.382]]]}},{"type":"Feature","properties":{"code":"73","nom":"Savoie"},"geometry":{"type":"Polygon","coordinates":[[[6.80252,45.77837],[6.82911,45.70283],[6.90021,45.6809],[6.92666,45.6472],[6.97046,45.65387],[7.00069,45.6399],[6.97802,45.59042],[6.99529,45.57456],[6.99119,45.53044],[7.00677,45.50172],[7.05561,45.49358],[7.04799,45.47344],[7.09979,45.46944],[7.1194,45.43273],[7.18427,45.40748],[7.13175,45.32924],[7.10962,45.3189],[7.13643,45.2808],[7.13001,45.24793],[7.07251,45.21105],[7.04488,45.22474],[6.96876,45.20806],[6.95419,45.17961],[6.89395,45.16852],[6.89438,45.13737],[6.84986,45.12716],[6.76692,45.15816],[6.74002,45.13674],[6.6829,45.13962],[6.65489,45.11745],[6.57221,45.1196],[6.53427,45.09904],[6.51042,45.109],[6.48746,45.09653],[6.48623,45.05607],[6.36488,45.07017],[6.37127,45.08914],[6.34598,45.11528],[6.28956,45.10965],[6.25219,45.14893],[6.21835,45.14533],[6.17866,45.16399],[6.14379,45.15455],[6.15988,45.20104],[6.12763,45.23096],[6.14102,45.26132],[6.13056,45.28189],[6.18445,45.31795],[6.19347,45.34999],[6.17396,45.35648],[6.19184,45.36933],[6.17906,45.38946],[6.12281,45.43889],[6.04911,45.4379],[5.96617,45.49231],[5.91537,45.47645],[5.92318,45.45774],[5.9023,45.41576],[5.92184,45.41639],[5.90471,45.39064],[5.78465,45.44008],[5.7496,45.43589],[5.70796,45.50919],[5.66974,45.53807],[5.68024,45.54091],[5.67068,45.56105],[5.62303,45.60428],[5.65153,45.63591],[5.68486,45.64149],[5.68488,45.66616],[5.70565,45.68013],[5.69972,45.70831],[5.75262,45.70635],[5.77329,45.72359],[5.78451,45.81321],[5.8275,45.93653],[5.8621,45.9324],[5.8731,45.83409],[5.90318,45.82707],[5.91205,45.80603],[5.96279,45.81274],[5.99137,45.7516],[6.09676,45.73699],[6.10223,45.76045],[6.16623,45.75572],[6.19555,45.73233],[6.19065,45.69647],[6.23165,45.70275],[6.22698,45.68216],[6.32863,45.69281],[6.37031,45.75289],[6.36289,45.76734],[6.42367,45.80244],[6.47511,45.88588],[6.50909,45.90863],[6.56959,45.88227],[6.56819,45.86242],[6.53533,45.86198],[6.58425,45.8009],[6.65449,45.79962],[6.683,45.77694],[6.68958,45.73042],[6.71195,45.72292],[6.76201,45.76867],[6.80252,45.77837]]]}},{"type":"Feature","properties":{"code":"74","nom":"Haute-Savoie"},"geometry":{"type":"Polygon","coordinates":[[[6.80252,45.77837],[6.75551,45.76635],[6.714,45.72447],[6.69193,45.7268],[6.69047,45.76529],[6.67008,45.78843],[6.5917,45.79684],[6.55169,45.82745],[6.5383,45.85781],[6.56959,45.88227],[6.51119,45.90901],[6.47511,45.88588],[6.41681,45.7976],[6.36252,45.76857],[6.37163,45.75406],[6.32863,45.69281],[6.2276,45.68177],[6.23217,45.70192],[6.19804,45.69472],[6.19555,45.73233],[6.14414,45.76093],[6.1257,45.74989],[6.10374,45.7618],[6.10261,45.73878],[5.99381,45.74769],[5.96259,45.80598],[5.92091,45.80358],[5.8731,45.83409],[5.8621,45.9324],[5.83123,45.93846],[5.83209,45.97506],[5.81051,45.9882],[5.81956,46.10311],[5.88318,46.08492],[5.88929,46.11408],[5.92027,46.13121],[6.06367,46.15075],[6.13121,46.1404],[6.1791,46.16076],[6.18618,46.1784],[6.30682,46.23949],[6.29668,46.25529],[6.26305,46.25093],[6.23758,46.27775],[6.26234,46.32928],[6.30374,46.36626],[6.35064,46.3673],[6.38527,46.34053],[6.50598,46.40306],[6.72387,46.40796],[6.80366,46.39439],[6.77044,46.35519],[6.86069,46.27606],[6.80366,46.20435],[6.8127,46.18164],[6.79274,46.16364],[6.79642,46.14196],[6.89993,46.1239],[6.87558,46.04774],[6.93791,46.06328],[7.01966,45.98389],[7.01015,45.97316],[7.03761,45.9543],[7.04357,45.92435],[7.01831,45.91437],[6.99145,45.86798],[6.93371,45.84481],[6.87914,45.84915],[6.87049,45.82882],[6.81889,45.8362],[6.80252,45.77837]]]}},{"type":"Feature","properties":{"code":"75","nom":"Paris"},"geometry":{"type":"Polygon","coordinates":[[[2.3319,48.81701],[2.26754,48.82779],[2.22566,48.85302],[2.22822,48.86518],[2.31852,48.89963],[2.38515,48.90201],[2.41394,48.87083],[2.41224,48.83454],[2.46971,48.83658],[2.459,48.81724],[2.40493,48.82844],[2.3319,48.81701]]]}},{"type":"Feature","properties":{"code":"76","nom":"Seine-Maritime"},"geometry":{"type":"Polygon","coordinates":[[[1.38155,50.06577],[1.45333,50.06438],[1.45322,50.04227],[1.59478,49.94861],[1.6727,49.92085],[1.71022,49.88931],[1.73554,49.81167],[1.78476,49.75848],[1.74769,49.76096],[1.74439,49.7413],[1.71277,49.73389],[1.715,49.71112],[1.69688,49.69735],[1.71219,49.68121],[1.73395,49.69921],[1.75112,49.69439],[1.69868,49.6439],[1.71938,49.62854],[1.6969,49.60126],[1.71733,49.58833],[1.69826,49.58134],[1.74461,49.53961],[1.74134,49.51899],[1.71747,49.50601],[1.7434,49.49189],[1.76694,49.50941],[1.78907,49.50543],[1.76935,49.46842],[1.72395,49.43986],[1.71394,49.40922],[1.6593,49.39899],[1.60445,49.41172],[1.56606,49.43963],[1.53719,49.43008],[1.47719,49.45133],[1.38079,49.45007],[1.38804,49.45911],[1.31735,49.42915],[1.27214,49.34629],[1.16012,49.34182],[1.12361,49.30938],[1.04815,49.29788],[1.06876,49.27627],[1.05923,49.26497],[1.00554,49.25079],[0.97331,49.27988],[0.94922,49.27921],[0.95901,49.28674],[0.94074,49.3167],[0.89728,49.29926],[0.8875,49.31906],[0.84171,49.32936],[0.88114,49.34556],[0.92527,49.34053],[0.91745,49.38028],[0.88613,49.37449],[0.87443,49.39273],[0.82656,49.39504],[0.80538,49.42014],[0.66856,49.40307],[0.63225,49.42261],[0.64282,49.44013],[0.58474,49.43242],[0.50916,49.48423],[0.33898,49.44093],[0.17273,49.45305],[0.12125,49.46319],[0.06655,49.51007],[0.15201,49.64324],[0.16423,49.68646],[0.20955,49.7138],[0.33666,49.74677],[0.58353,49.85262],[0.78003,49.87398],[0.9593,49.91951],[1.02005,49.91611],[1.10053,49.93574],[1.19452,49.96803],[1.38155,50.06577]]]}},{"type":"Feature","properties":{"code":"77","nom":"Seine-et-Marne"},"geometry":{"type":"Polygon","coordinates":[[[2.57166,48.69201],[2.59531,48.73652],[2.58541,48.74171],[2.6116,48.76042],[2.58552,48.77692],[2.59928,48.79335],[2.59447,48.82066],[2.56037,48.88417],[2.58386,48.89491],[2.60319,48.93754],[2.56248,48.97886],[2.57584,49.00029],[2.5352,49.02041],[2.58798,49.04688],[2.5756,49.06505],[2.63655,49.10711],[2.69781,49.0644],[2.72049,49.07488],[2.75355,49.06074],[2.80925,49.09754],[2.86627,49.07069],[2.96531,49.09116],[2.98689,49.07107],[3.00088,49.08953],[3.06074,49.08683],[3.06994,49.1159],[3.16098,49.09928],[3.18996,49.05257],[3.16829,49.01667],[3.24419,48.97683],[3.26889,48.93783],[3.29829,48.94561],[3.33648,48.90919],[3.36831,48.92766],[3.36897,48.89368],[3.39165,48.87086],[3.44474,48.86005],[3.45543,48.84191],[3.48519,48.85191],[3.4872,48.81519],[3.40417,48.80927],[3.43814,48.80435],[3.44186,48.78241],[3.41728,48.78414],[3.39846,48.76441],[3.46502,48.7379],[3.47696,48.69936],[3.44755,48.67725],[3.46043,48.65301],[3.45109,48.63465],[3.52893,48.64597],[3.52107,48.6378],[3.55125,48.62308],[3.46552,48.57049],[3.48589,48.54727],[3.45695,48.52963],[3.4054,48.52801],[3.42859,48.49069],[3.38336,48.47944],[3.40359,48.45449],[3.39207,48.4269],[3.41355,48.41416],[3.41555,48.39373],[3.37506,48.39674],[3.36516,48.37228],[3.28851,48.3807],[3.20445,48.3642],[3.17181,48.37768],[3.10733,48.35407],[3.04617,48.35797],[3.04358,48.33044],[3.0159,48.3079],[3.04624,48.25578],[2.99943,48.20648],[2.97305,48.20555],[2.92408,48.16202],[2.82088,48.12966],[2.79926,48.13798],[2.80008,48.16806],[2.73641,48.16631],[2.75358,48.15321],[2.7075,48.12594],[2.55827,48.14161],[2.44431,48.12423],[2.48121,48.16267],[2.51653,48.16624],[2.52294,48.20052],[2.50771,48.23282],[2.42352,48.26037],[2.42332,48.29476],[2.39344,48.33102],[2.43086,48.33567],[2.43333,48.35927],[2.47914,48.38097],[2.4835,48.39734],[2.54692,48.40165],[2.50559,48.43546],[2.51382,48.50953],[2.49708,48.52065],[2.54378,48.60385],[2.51857,48.62682],[2.53766,48.63323],[2.54335,48.66869],[2.58306,48.67778],[2.57166,48.69201]]]}},{"type":"Feature","properties":{"code":"78","nom":"Yvelines"},"geometry":{"type":"Polygon","coordinates":[[[1.6088,49.07789],[1.67265,49.0786],[1.69464,49.05606],[1.74585,49.0477],[1.8236,49.07667],[1.86223,49.05903],[1.85133,49.03336],[1.86634,49.01643],[1.90662,49.04604],[2.02204,48.99862],[2.12126,49.01833],[2.12081,48.99417],[2.16559,48.98201],[2.20561,48.94021],[2.20059,48.90868],[2.15287,48.87334],[2.14902,48.82694],[2.22496,48.77665],[2.19107,48.77512],[2.18812,48.75393],[2.10322,48.73749],[2.10999,48.71592],[2.09676,48.6974],[2.04566,48.68757],[2.01671,48.65907],[2.01001,48.64831],[2.03358,48.6419],[2.05482,48.60796],[2.00451,48.55527],[1.93789,48.56293],[1.94349,48.54227],[1.97851,48.52582],[1.94817,48.5193],[1.91455,48.46944],[1.92074,48.44775],[1.86402,48.442],[1.80145,48.46604],[1.77617,48.51443],[1.78725,48.55374],[1.70199,48.585],[1.71877,48.60574],[1.65757,48.62129],[1.60234,48.66498],[1.61066,48.6854],[1.57685,48.70258],[1.62654,48.74805],[1.58907,48.76166],[1.57529,48.79115],[1.5895,48.81953],[1.57898,48.82944],[1.59392,48.83372],[1.58346,48.85807],[1.54721,48.87114],[1.56196,48.88715],[1.54052,48.91848],[1.50734,48.9276],[1.511,48.95357],[1.49497,48.95679],[1.51145,48.97546],[1.46492,48.98498],[1.48048,49.00115],[1.44645,49.04635],[1.46437,49.06231],[1.4857,49.05137],[1.50687,49.06267],[1.50634,49.08472],[1.52041,49.06958],[1.6088,49.07789]]]}},{"type":"Feature","properties":{"code":"79","nom":"Deux-Sèvres"},"geometry":{"type":"Polygon","coordinates":[[[-0.89196,46.97582],[-0.8584,46.96901],[-0.84772,46.98615],[-0.77955,47.00415],[-0.71588,46.98388],[-0.59549,46.99795],[-0.54253,47.03234],[-0.5573,47.06437],[-0.49445,47.08309],[-0.45956,47.08241],[-0.47984,47.0708],[-0.47256,47.05769],[-0.40932,47.06629],[-0.39592,47.09159],[-0.14342,47.10347],[-0.17902,47.07017],[-0.0988,47.05708],[-0.07925,47.01038],[-0.08952,47.01197],[-0.08628,46.9853],[-0.06161,46.99418],[-0.03312,46.98024],[-0.0456,46.96356],[-0.00903,46.90748],[-0.03126,46.87687],[0.03376,46.85408],[0.01661,46.83496],[-0.01156,46.84798],[-0.04804,46.82162],[0.00799,46.81431],[-0.01764,46.79335],[-0.01801,46.7582],[0.03827,46.73158],[0.00462,46.71793],[-0.0148,46.69656],[-0.00791,46.68424],[-0.06532,46.63246],[-0.04671,46.6238],[0.00079,46.64306],[-0.01314,46.61487],[0.01811,46.61403],[0.0229,46.59527],[0.04058,46.59229],[-0.00728,46.5685],[0.00634,46.54151],[-0.00716,46.52328],[-0.03135,46.52498],[-0.04266,46.47362],[-0.01131,46.46878],[-0.00972,46.45005],[-0.02167,46.4057],[0.03112,46.37446],[0.01385,46.35706],[0.03656,46.34573],[0.0151,46.32626],[0.07822,46.30493],[0.13191,46.34843],[0.17419,46.333],[0.15541,46.29713],[0.17232,46.2786],[0.12884,46.26723],[0.14277,46.23231],[0.11078,46.20423],[0.15391,46.15949],[0.18037,46.14919],[0.21773,46.1589],[0.18651,46.08847],[0.10162,46.10176],[0.01927,46.05285],[-0.03428,46.05484],[-0.02145,46.02887],[-0.04353,46.02085],[-0.05296,45.98847],[-0.10618,45.96981],[-0.16464,46.01071],[-0.1614,46.03463],[-0.19076,46.03497],[-0.19256,46.05423],[-0.21296,46.0441],[-0.27303,46.05731],[-0.28849,46.08513],[-0.35748,46.07662],[-0.38312,46.09801],[-0.40051,46.08472],[-0.42307,46.11127],[-0.44044,46.09463],[-0.51147,46.10901],[-0.51155,46.13022],[-0.57933,46.14826],[-0.62353,46.14014],[-0.63362,46.14847],[-0.61009,46.15291],[-0.66969,46.18497],[-0.69113,46.1798],[-0.68818,46.21666],[-0.75478,46.25304],[-0.73589,46.26688],[-0.75535,46.30214],[-0.72191,46.30237],[-0.69777,46.32486],[-0.64841,46.3169],[-0.6059,46.35752],[-0.56704,46.35903],[-0.5378,46.38647],[-0.61018,46.41374],[-0.62088,46.39046],[-0.63457,46.39563],[-0.63684,46.43231],[-0.61052,46.45001],[-0.63749,46.51904],[-0.60241,46.54205],[-0.62057,46.57354],[-0.62018,46.62626],[-0.65272,46.63676],[-0.63699,46.66333],[-0.68073,46.68694],[-0.6627,46.70965],[-0.72519,46.76481],[-0.71914,46.79801],[-0.69897,46.8089],[-0.7844,46.84626],[-0.82519,46.88377],[-0.80954,46.9172],[-0.85706,46.9352],[-0.84773,46.94419],[-0.881,46.94646],[-0.86058,46.9491],[-0.87712,46.96854],[-0.89801,46.96691],[-0.89196,46.97582]]]}},{"type":"Feature","properties":{"code":"80","nom":"Somme"},"geometry":{"type":"Polygon","coordinates":[[[1.38155,50.06577],[1.45252,50.10834],[1.48278,50.17237],[1.5254,50.20697],[1.56673,50.21493],[1.59126,50.18767],[1.68162,50.18078],[1.66267,50.2136],[1.62574,50.2136],[1.58307,50.25483],[1.55074,50.25929],[1.53937,50.28956],[1.56112,50.36379],[1.62426,50.36629],[1.67664,50.33415],[1.77878,50.36187],[1.90291,50.31267],[1.95443,50.32863],[1.96174,50.3123],[1.93613,50.30138],[1.94323,50.29214],[2.07557,50.25192],[2.06382,50.23445],[2.09369,50.20175],[2.12069,50.21102],[2.15473,50.19283],[2.2698,50.22876],[2.33202,50.21612],[2.31625,50.23139],[2.32516,50.23693],[2.3709,50.20887],[2.40771,50.23447],[2.44365,50.22914],[2.49235,50.20284],[2.42016,50.17585],[2.38245,50.13936],[2.38475,50.10812],[2.41813,50.08891],[2.4708,50.13467],[2.51495,50.14081],[2.5401,50.11898],[2.55238,50.14273],[2.58663,50.13736],[2.57804,50.11404],[2.70344,50.08166],[2.71371,50.0832],[2.69875,50.1007],[2.70882,50.12849],[2.78129,50.1081],[2.74255,50.04823],[2.7526,50.04005],[2.85597,50.07794],[2.87424,50.03744],[2.85368,50.03192],[2.87518,50.01977],[2.91966,50.04802],[3.09025,50.05374],[3.11803,50.02676],[3.16699,50.02098],[3.15953,49.9939],[3.19871,49.98469],[3.11797,49.91428],[3.11386,49.88016],[3.0738,49.87572],[3.08447,49.84571],[3.06049,49.82279],[3.08495,49.81797],[3.08742,49.8023],[3.06548,49.77045],[3.09194,49.76501],[3.12061,49.70819],[3.08377,49.69051],[3.08346,49.71249],[3.05795,49.71172],[3.02616,49.6803],[3.00513,49.70272],[2.97743,49.70548],[2.9544,49.69329],[2.95315,49.67018],[2.9155,49.70383],[2.87377,49.70506],[2.88969,49.67707],[2.85712,49.68378],[2.85019,49.66313],[2.79361,49.65595],[2.79889,49.62293],[2.78669,49.6121],[2.68756,49.62475],[2.66619,49.58077],[2.64633,49.57299],[2.61238,49.60976],[2.57136,49.59695],[2.56752,49.61615],[2.50475,49.63947],[2.47086,49.62381],[2.44254,49.65303],[2.37572,49.65589],[2.31676,49.68765],[2.24282,49.70214],[2.06986,49.68419],[2.02926,49.71075],[1.97128,49.71693],[1.95345,49.70247],[1.93522,49.71977],[1.88348,49.69796],[1.8464,49.70451],[1.82056,49.72255],[1.83597,49.74034],[1.78605,49.75738],[1.73554,49.81167],[1.71222,49.88559],[1.67849,49.91553],[1.61176,49.9399],[1.45219,50.04023],[1.44906,50.06889],[1.38155,50.06577]]]}},{"type":"Feature","properties":{"code":"81","nom":"Tarn"},"geometry":{"type":"Polygon","coordinates":[[[1.99017,44.14945],[2.02477,44.15513],[2.062,44.18912],[2.09656,44.17848],[2.14921,44.20054],[2.15533,44.1803],[2.23761,44.15863],[2.18202,44.14231],[2.24171,44.13572],[2.27106,44.14798],[2.29482,44.14043],[2.28828,44.1222],[2.33244,44.12302],[2.48813,44.02108],[2.50132,43.98681],[2.52504,43.97701],[2.50066,43.95252],[2.55462,43.92156],[2.55742,43.88775],[2.57668,43.88172],[2.56294,43.84651],[2.6649,43.75275],[2.73497,43.73106],[2.78119,43.73696],[2.81628,43.76202],[2.91226,43.74046],[2.93643,43.69799],[2.90331,43.65383],[2.81383,43.64105],[2.76377,43.61587],[2.72281,43.64389],[2.64145,43.64651],[2.6156,43.5665],[2.67602,43.51346],[2.66385,43.51628],[2.65532,43.49165],[2.66307,43.46219],[2.63806,43.4668],[2.64618,43.45913],[2.60343,43.43083],[2.56078,43.42022],[2.42873,43.43567],[2.39684,43.41664],[2.2583,43.4601],[2.22254,43.42281],[2.21398,43.38315],[2.15946,43.41553],[2.07766,43.39575],[2.0224,43.44709],[2.01896,43.46877],[2.04705,43.485],[2.04496,43.50823],[2.01949,43.50807],[2.01164,43.48353],[1.99,43.47747],[1.89399,43.51165],[1.83816,43.57847],[1.78299,43.58597],[1.68827,43.62832],[1.72885,43.66854],[1.71971,43.68731],[1.66103,43.70565],[1.70607,43.7114],[1.64992,43.75187],[1.64479,43.80026],[1.58859,43.81718],[1.59347,43.8385],[1.56475,43.85708],[1.54654,43.90349],[1.57277,43.93517],[1.53573,43.95724],[1.62272,43.96071],[1.63053,43.99042],[1.69152,44.02237],[1.69704,44.05508],[1.66116,44.07139],[1.65697,44.11555],[1.74211,44.11585],[1.78202,44.09773],[1.80674,44.12642],[1.83534,44.10554],[1.83519,44.13925],[1.91271,44.13376],[1.89907,44.15359],[1.90887,44.16348],[1.96984,44.14255],[1.99017,44.14945]]]}},{"type":"Feature","properties":{"code":"82","nom":"Tarn-et-Garonne"},"geometry":{"type":"Polygon","coordinates":[[[1.06408,44.37851],[1.13185,44.39378],[1.13301,44.37128],[1.089,44.35758],[1.1161,44.32106],[1.17214,44.3052],[1.21409,44.26819],[1.22819,44.27809],[1.24495,44.26588],[1.25469,44.28447],[1.30314,44.29427],[1.2912,44.23232],[1.33583,44.22859],[1.36058,44.20828],[1.45356,44.25412],[1.47718,44.28379],[1.55029,44.23134],[1.57985,44.24442],[1.56076,44.27947],[1.5814,44.30023],[1.61665,44.29766],[1.62107,44.27784],[1.64252,44.27109],[1.63873,44.29019],[1.65533,44.28538],[1.73735,44.32698],[1.78041,44.31379],[1.80598,44.33664],[1.83101,44.3268],[1.876,44.33807],[1.88563,44.33527],[1.86462,44.32754],[1.88016,44.28808],[1.96617,44.27764],[1.96168,44.24608],[1.93846,44.24559],[1.89846,44.21146],[1.91232,44.1901],[1.93789,44.17138],[1.97805,44.17952],[1.98197,44.16037],[1.99636,44.16009],[1.97121,44.14273],[1.91251,44.16399],[1.90121,44.16053],[1.9073,44.13041],[1.84367,44.14],[1.83283,44.13645],[1.83842,44.11172],[1.80946,44.12302],[1.78202,44.09773],[1.74393,44.11573],[1.66136,44.11355],[1.65312,44.09645],[1.66813,44.06256],[1.70421,44.04435],[1.60941,43.959],[1.54058,43.95763],[1.53918,43.9461],[1.57752,43.93881],[1.57416,43.91876],[1.53279,43.92135],[1.48844,43.89173],[1.47794,43.90776],[1.45296,43.87503],[1.35824,43.88452],[1.35953,43.85117],[1.29872,43.85014],[1.31383,43.83214],[1.34799,43.83816],[1.35909,43.8248],[1.26711,43.79863],[1.28032,43.79051],[1.258,43.78098],[1.21156,43.76888],[1.21286,43.79288],[1.18143,43.79482],[1.14697,43.82196],[1.11026,43.79632],[1.08527,43.8145],[1.05392,43.79795],[0.89768,43.78646],[0.91908,43.82358],[0.89524,43.8399],[0.90572,43.85974],[0.88415,43.87409],[0.90335,43.89779],[0.86357,43.92356],[0.84492,43.91478],[0.76076,43.9371],[0.8229,43.99368],[0.82241,44.02845],[0.85993,44.03844],[0.81977,44.05619],[0.76838,44.03335],[0.73904,44.07333],[0.75337,44.1047],[0.79796,44.11041],[0.78773,44.14276],[0.85999,44.12814],[0.89207,44.13733],[0.88996,44.16742],[0.85363,44.17478],[0.85447,44.18631],[0.9014,44.1907],[0.92514,44.22633],[0.92803,44.26521],[0.9491,44.27185],[0.87478,44.30833],[0.89499,44.3743],[0.91502,44.38409],[0.93649,44.37041],[0.94142,44.34535],[0.95669,44.36075],[1.05246,44.36456],[1.06408,44.37851]]]}},{"type":"Feature","properties":{"code":"83","nom":"Var"},"geometry":{"type":"MultiPolygon","coordinates":[[[[6.39497,42.98688],[6.39391,42.98841],[6.39678,42.98912],[6.39497,42.98688]]],[[[6.4348,43.01554],[6.46799,43.04406],[6.51069,43.0479],[6.46479,43.01515],[6.4355,43.00533],[6.4348,43.01554]]],[[[6.14515,43.02003],[6.14479,43.0163],[6.14065,43.01801],[6.14515,43.02003]]],[[[5.74996,43.12661],[5.74802,43.12725],[5.75245,43.1273],[5.74996,43.12661]]],[[[6.3971,42.9928],[6.37702,43.0074],[6.40893,43.01917],[6.3971,42.9928]]],[[[6.36377,43.00396],[6.35996,43.01505],[6.3684,43.01807],[6.36377,43.00396]]],[[[5.76735,43.07892],[5.7657,43.0801],[5.76796,43.08191],[5.76959,43.08065],[5.76735,43.07892]]],[[[6.24407,43.02004],[6.24707,42.99746],[6.19993,42.98202],[6.16088,43.0011],[6.24407,43.02004]]],[[[5.78064,43.06977],[5.78372,43.08157],[5.79221,43.07745],[5.78064,43.06977]]],[[[5.91334,43.11608],[5.91393,43.11872],[5.92061,43.11945],[5.91334,43.11608]]],[[[5.79082,43.06871],[5.78718,43.07224],[5.79033,43.07258],[5.79082,43.06871]]],[[[5.75365,43.72462],[5.77446,43.74956],[5.82788,43.74807],[5.84881,43.72044],[5.93597,43.75107],[5.938,43.73057],[5.98273,43.71527],[6.02914,43.67255],[6.10875,43.74574],[6.1297,43.73622],[6.16252,43.7481],[6.21671,43.79951],[6.25422,43.80043],[6.26678,43.77963],[6.35891,43.73577],[6.41335,43.76023],[6.41418,43.79061],[6.4869,43.79171],[6.51728,43.80876],[6.54484,43.78192],[6.61626,43.80508],[6.66079,43.74791],[6.68271,43.75794],[6.75733,43.73365],[6.77424,43.70364],[6.7608,43.66649],[6.80009,43.62727],[6.90301,43.60261],[6.90888,43.56739],[6.87981,43.53156],[6.89347,43.52781],[6.8944,43.49938],[6.93373,43.48007],[6.89167,43.42845],[6.85772,43.4318],[6.85631,43.41152],[6.74842,43.41981],[6.70536,43.34396],[6.58998,43.28244],[6.58822,43.26363],[6.67858,43.27851],[6.69532,43.26684],[6.66358,43.23804],[6.67514,43.20439],[6.64402,43.17155],[6.60979,43.16637],[6.59721,43.18429],[6.55221,43.18734],[6.49171,43.1511],[6.402,43.14867],[6.36872,43.13697],[6.35907,43.08916],[6.27494,43.12074],[6.20103,43.11606],[6.15434,43.07621],[6.15204,43.03718],[6.16942,43.03497],[6.15048,43.02791],[6.09342,43.03352],[6.13161,43.04801],[6.11896,43.08055],[6.02154,43.07826],[6.00546,43.10396],[5.93392,43.10425],[5.92318,43.12325],[5.88123,43.10944],[5.90641,43.10193],[5.89477,43.08171],[5.9382,43.08456],[5.94704,43.06775],[5.88674,43.07697],[5.85373,43.04809],[5.82881,43.04936],[5.7957,43.06963],[5.81182,43.11062],[5.76734,43.11554],[5.77908,43.13478],[5.76628,43.13904],[5.69845,43.14375],[5.67613,43.19283],[5.68112,43.23109],[5.7602,43.2769],[5.7266,43.31736],[5.68328,43.31856],[5.70363,43.35401],[5.68279,43.39916],[5.78435,43.41334],[5.70399,43.47936],[5.72132,43.54368],[5.66118,43.572],[5.68243,43.5829],[5.67806,43.61137],[5.71897,43.64984],[5.79782,43.66051],[5.80568,43.69334],[5.75365,43.72462]]]]}},{"type":"Feature","properties":{"code":"84","nom":"Vaucluse"},"geometry":{"type":"MultiPolygon","coordinates":[[[[4.89291,44.36482],[4.91852,44.40779],[4.96999,44.42967],[5.01215,44.41582],[5.01558,44.39304],[5.06585,44.38173],[5.02217,44.35845],[4.9762,44.29751],[4.89763,44.30564],[4.88575,44.34287],[4.86953,44.34508],[4.89291,44.36482]]],[[[4.64922,44.27036],[4.65133,44.32258],[4.75543,44.32539],[4.80456,44.3039],[4.8141,44.23231],[4.82665,44.22833],[4.87523,44.26004],[4.92308,44.26113],[5.05214,44.30437],[5.10412,44.27991],[5.16643,44.31486],[5.14682,44.2718],[5.16038,44.26692],[5.15813,44.22884],[5.2339,44.21343],[5.2523,44.23121],[5.3033,44.20539],[5.37796,44.20475],[5.38324,44.15528],[5.41677,44.15511],[5.46123,44.11814],[5.49471,44.11538],[5.50921,44.06386],[5.5446,44.06989],[5.54163,44.02224],[5.5092,43.95167],[5.56763,43.94264],[5.60047,43.91634],[5.54429,43.81835],[5.65067,43.82522],[5.75669,43.73156],[5.71735,43.69353],[5.6762,43.69292],[5.60845,43.66042],[5.51911,43.66148],[5.31572,43.73649],[5.17331,43.73881],[5.04635,43.79106],[5.03272,43.82403],[4.96631,43.87165],[4.85309,43.91138],[4.73906,43.92406],[4.808,43.96003],[4.81247,43.98766],[4.84211,43.98647],[4.84334,44.00986],[4.82115,44.01647],[4.76086,44.0863],[4.71995,44.08346],[4.70701,44.11368],[4.72207,44.18742],[4.70894,44.21191],[4.67267,44.21681],[4.67844,44.22943],[4.64922,44.27036]]]]}},{"type":"Feature","properties":{"code":"85","nom":"Vendée"},"geometry":{"type":"MultiPolygon","coordinates":[[[[-2.30479,46.70942],[-2.2821,46.69114],[-2.35182,46.69157],[-2.39868,46.7164],[-2.37211,46.73307],[-2.30479,46.70942]]],[[[-1.14857,47.02955],[-1.05472,47.00436],[-0.99651,47.01871],[-0.97633,47.01821],[-0.96351,46.99803],[-0.9148,47.00106],[-0.89535,46.98612],[-0.90239,46.97075],[-0.86058,46.9491],[-0.88223,46.95173],[-0.87373,46.94365],[-0.84948,46.94599],[-0.85569,46.93767],[-0.81235,46.92032],[-0.82608,46.89005],[-0.78165,46.84283],[-0.70531,46.81507],[-0.72717,46.76863],[-0.65772,46.70266],[-0.68073,46.68694],[-0.63699,46.66333],[-0.65653,46.64202],[-0.6151,46.62297],[-0.61999,46.56518],[-0.60241,46.54205],[-0.6404,46.51509],[-0.61029,46.45776],[-0.64064,46.39696],[-0.60187,46.41287],[-0.54118,46.3889],[-0.56133,46.36057],[-0.60325,46.36147],[-0.64483,46.31919],[-0.69674,46.32506],[-0.73048,46.3034],[-0.80075,46.32448],[-0.79672,46.33914],[-0.83988,46.34037],[-0.84948,46.31777],[-0.9631,46.32262],[-0.92739,46.37075],[-1.05253,46.34254],[-1.09781,46.31218],[-1.11776,46.32337],[-1.13499,46.31118],[-1.1627,46.32375],[-1.20306,46.31574],[-1.20341,46.26922],[-1.2959,46.32393],[-1.30598,46.31919],[-1.27908,46.28808],[-1.30032,46.29276],[-1.32159,46.32517],[-1.36388,46.34771],[-1.46216,46.34225],[-1.51507,46.4043],[-1.62352,46.41295],[-1.77501,46.49135],[-1.80962,46.49189],[-1.85702,46.60985],[-1.94703,46.6948],[-1.97305,46.69742],[-1.99786,46.73239],[-2.13862,46.8164],[-2.15576,46.88652],[-2.10984,46.89948],[-2.11286,46.91297],[-2.04608,46.96645],[-2.02933,47.00985],[-1.98042,47.02742],[-1.94023,46.99338],[-1.91672,46.99216],[-1.89543,46.96053],[-1.82748,46.95225],[-1.82112,46.93024],[-1.7477,46.92816],[-1.72294,46.88402],[-1.68842,46.89069],[-1.55312,46.86298],[-1.5032,46.89067],[-1.54581,46.92556],[-1.52022,46.93719],[-1.55302,46.97707],[-1.55232,47.01835],[-1.49984,47.04069],[-1.47991,47.03451],[-1.46374,46.99785],[-1.46246,46.9266],[-1.36969,46.95485],[-1.35775,46.97361],[-1.37155,46.98573],[-1.36809,47.03475],[-1.29515,47.03829],[-1.30492,47.0406],[-1.28771,47.0763],[-1.2683,47.08475],[-1.14857,47.02955]]],[[[-2.19807,46.95117],[-2.22316,46.96527],[-2.25876,46.95836],[-2.3011,46.98904],[-2.30326,47.02244],[-2.22562,47.01685],[-2.21959,46.99776],[-2.23861,46.9976],[-2.23648,46.97988],[-2.15718,46.95004],[-2.148,46.89462],[-2.19807,46.95117]]]]}},{"type":"Feature","properties":{"code":"86","nom":"Vienne"},"geometry":{"type":"Polygon","coordinates":[[[-0.10212,47.0648],[-0.0859,47.10101],[-0.03562,47.08626],[-0.03165,47.13067],[0.01901,47.17576],[0.07839,47.14633],[0.07637,47.12393],[0.11782,47.12937],[0.15685,47.10334],[0.18151,47.11379],[0.19486,47.09564],[0.17577,47.06064],[0.208,47.05323],[0.24554,47.07129],[0.26762,47.0675],[0.26677,47.04868],[0.30242,47.05301],[0.30884,46.99944],[0.29309,46.99003],[0.318,46.9344],[0.37095,46.94842],[0.43871,46.92958],[0.50519,46.9599],[0.59389,46.95638],[0.59747,46.97587],[0.56735,47.00012],[0.59056,47.00672],[0.69257,46.97431],[0.7036,46.90765],[0.75405,46.85963],[0.79384,46.85122],[0.7868,46.84046],[0.80522,46.83131],[0.81166,46.79639],[0.92495,46.69999],[0.8943,46.62574],[0.91602,46.5993],[0.96367,46.57107],[1.01476,46.56776],[1.03319,46.53711],[1.10829,46.53151],[1.14594,46.5064],[1.15182,46.4487],[1.20717,46.43459],[1.2064,46.42195],[1.17728,46.38395],[1.15701,46.38923],[1.15125,46.37005],[1.12845,46.36364],[1.12895,46.35024],[1.05016,46.36278],[1.0053,46.28385],[0.89932,46.28939],[0.89065,46.26854],[0.84129,46.23987],[0.85189,46.23595],[0.7941,46.21404],[0.83363,46.18137],[0.84477,46.14119],[0.82889,46.12744],[0.7182,46.13761],[0.68113,46.11579],[0.67802,46.09667],[0.62199,46.09349],[0.598,46.07459],[0.53736,46.09165],[0.49882,46.13466],[0.4447,46.10317],[0.44453,46.09115],[0.47844,46.08483],[0.48065,46.06543],[0.42481,46.0483],[0.39695,46.0651],[0.27346,46.0621],[0.19263,46.09894],[0.21579,46.13893],[0.21175,46.15965],[0.18037,46.14919],[0.1077,46.18613],[0.11109,46.20771],[0.1393,46.22842],[0.12884,46.26723],[0.17103,46.27664],[0.15219,46.30315],[0.16898,46.33461],[0.12741,46.34884],[0.07822,46.30493],[0.0151,46.32626],[0.03656,46.34573],[0.01385,46.35706],[0.03422,46.3735],[-0.02327,46.4008],[-0.01289,46.47348],[-0.0431,46.48054],[-0.02954,46.51782],[0.00634,46.54151],[-0.00799,46.56529],[0.04272,46.59117],[0.02285,46.61453],[-0.01314,46.61487],[0.00079,46.64306],[-0.06581,46.62282],[0.01366,46.72388],[0.03651,46.72852],[-0.01785,46.76225],[-0.02628,46.78858],[0.00799,46.81431],[-0.04854,46.81953],[-0.01566,46.84407],[0.01661,46.83496],[0.03376,46.85408],[-0.02647,46.87535],[-0.01336,46.90144],[-0.04625,46.96652],[-0.03604,46.98693],[-0.08628,46.9853],[-0.10212,47.0648]]]}},{"type":"Feature","properties":{"code":"87","nom":"Haute-Vienne"},"geometry":{"type":"Polygon","coordinates":[[[0.82343,46.12858],[0.84235,46.13473],[0.82991,46.18474],[0.80051,46.21183],[0.85155,46.23208],[0.84129,46.23987],[0.9016,46.28415],[1.00258,46.28125],[1.04572,46.35563],[1.0958,46.36207],[1.12935,46.347],[1.15701,46.38923],[1.18599,46.37797],[1.20554,46.38815],[1.23737,46.36713],[1.31225,46.37292],[1.32281,46.38548],[1.3126,46.39272],[1.35602,46.40012],[1.40561,46.36396],[1.40969,46.34191],[1.44273,46.33551],[1.44479,46.3053],[1.42125,46.28419],[1.43094,46.26758],[1.40772,46.26316],[1.42054,46.24882],[1.39323,46.23501],[1.38087,46.20751],[1.40242,46.18263],[1.45279,46.17975],[1.4582,46.15717],[1.49356,46.14144],[1.50561,46.12689],[1.48624,46.10732],[1.5375,46.07867],[1.53325,46.00653],[1.57647,45.981],[1.52076,45.95245],[1.51367,45.93064],[1.5671,45.91382],[1.58761,45.93177],[1.62756,45.93253],[1.6407,45.89334],[1.59536,45.8867],[1.61275,45.85343],[1.68004,45.83626],[1.76567,45.86947],[1.78149,45.85304],[1.77648,45.83277],[1.82843,45.80981],[1.84132,45.82157],[1.8809,45.79771],[1.90215,45.76955],[1.8743,45.75576],[1.8732,45.72651],[1.9112,45.68065],[1.84955,45.66299],[1.78908,45.68242],[1.7764,45.65846],[1.70592,45.63973],[1.65788,45.59361],[1.60092,45.5789],[1.5865,45.56037],[1.55495,45.54948],[1.52499,45.56321],[1.49675,45.54947],[1.48037,45.56594],[1.45194,45.55322],[1.44472,45.52486],[1.40394,45.52156],[1.35268,45.472],[1.28532,45.49028],[1.25004,45.44019],[1.11762,45.48187],[1.15603,45.53047],[1.11351,45.54579],[1.08264,45.53214],[1.04711,45.55693],[1.02047,45.61087],[0.88911,45.60413],[0.87111,45.62247],[0.8205,45.57689],[0.77332,45.59617],[0.75624,45.62194],[0.77149,45.66944],[0.72683,45.69351],[0.6696,45.68583],[0.62974,45.71457],[0.68842,45.7604],[0.71489,45.76312],[0.71735,45.80594],[0.78042,45.7892],[0.78018,45.81597],[0.82591,45.88223],[0.81211,45.93127],[0.88062,45.92291],[0.94259,45.95744],[0.92643,46.00924],[0.89279,46.02876],[0.85806,46.0184],[0.81387,46.0539],[0.83426,46.0998],[0.80851,46.12065],[0.82343,46.12858]]]}},{"type":"Feature","properties":{"code":"88","nom":"Vosges"},"geometry":{"type":"Polygon","coordinates":[[[5.47006,48.42093],[5.50527,48.40897],[5.51619,48.43094],[5.55051,48.43983],[5.61576,48.43232],[5.65494,48.46849],[5.71323,48.46034],[5.76515,48.49649],[5.78702,48.48291],[5.85819,48.50701],[5.90219,48.4829],[5.88559,48.46915],[5.89929,48.4486],[5.8563,48.41182],[5.88666,48.40426],[5.90907,48.42921],[5.89821,48.43436],[5.93133,48.43395],[5.90491,48.40035],[5.94395,48.40073],[5.96617,48.35019],[6.07149,48.35977],[6.08213,48.38193],[6.11513,48.35516],[6.1602,48.40601],[6.2321,48.40023],[6.29797,48.43454],[6.31503,48.40932],[6.38122,48.41498],[6.38668,48.39785],[6.41167,48.3924],[6.4355,48.41279],[6.47099,48.40921],[6.53371,48.43136],[6.57535,48.41434],[6.5786,48.45332],[6.62109,48.47275],[6.6354,48.4705],[6.64509,48.42743],[6.71406,48.42294],[6.78899,48.4025],[6.78241,48.39176],[6.86459,48.4367],[6.89149,48.41782],[6.97975,48.47851],[7.1057,48.51233],[7.13016,48.49959],[7.09062,48.50366],[7.11874,48.47449],[7.08498,48.39789],[7.10934,48.37874],[7.07596,48.35258],[7.12723,48.33307],[7.17496,48.3418],[7.19669,48.31587],[7.08582,48.18405],[7.063,48.14449],[7.08393,48.1222],[7.07671,48.10849],[7.0298,48.0719],[6.99956,48.02109],[6.94782,48.00075],[6.91943,47.94434],[6.92704,47.91554],[6.89782,47.88426],[6.92005,47.85029],[6.82384,47.81426],[6.78499,47.8493],[6.64964,47.90176],[6.6041,47.94481],[6.56342,47.93139],[6.53793,47.90254],[6.48536,47.88884],[6.43512,47.94023],[6.38516,47.95899],[6.28908,47.95584],[6.20522,47.93205],[6.2083,47.94198],[6.15064,47.96548],[6.15625,48.00586],[6.12882,48.02277],[6.04118,48.00442],[6.00226,47.95609],[5.97078,47.95721],[5.95371,47.93703],[5.92839,47.93781],[5.95422,47.96204],[5.93947,47.97946],[5.88473,47.92605],[5.84584,47.9757],[5.83158,47.95776],[5.78728,47.9526],[5.77905,47.97426],[5.79498,47.99341],[5.77695,48.03351],[5.72504,48.04438],[5.6968,48.07723],[5.65848,48.08494],[5.64849,48.07155],[5.63053,48.08399],[5.6675,48.10656],[5.66251,48.12879],[5.68536,48.15062],[5.69128,48.18336],[5.7266,48.20112],[5.69241,48.23167],[5.64581,48.23993],[5.6398,48.27685],[5.60888,48.28874],[5.59078,48.27594],[5.51643,48.34956],[5.48096,48.35641],[5.42078,48.33854],[5.41855,48.36069],[5.43512,48.37387],[5.39391,48.39165],[5.47006,48.42093]]]}},{"type":"Feature","properties":{"code":"89","nom":"Yonne"},"geometry":{"type":"Polygon","coordinates":[[[2.93631,48.16339],[2.94511,48.18632],[3.00462,48.20677],[3.04757,48.2497],[3.01548,48.30514],[3.04187,48.32916],[3.04617,48.35797],[3.10342,48.34951],[3.11955,48.36694],[3.17483,48.37719],[3.2058,48.36491],[3.36516,48.37228],[3.37791,48.39911],[3.40965,48.3904],[3.42739,48.35809],[3.45697,48.3743],[3.49763,48.36958],[3.54511,48.33454],[3.5439,48.31979],[3.58008,48.30601],[3.58718,48.28017],[3.62108,48.26477],[3.60008,48.23704],[3.61477,48.2318],[3.60844,48.20957],[3.57898,48.19005],[3.63189,48.18939],[3.66685,48.14169],[3.72234,48.15683],[3.71417,48.17061],[3.7519,48.16129],[3.73972,48.13275],[3.79169,48.11764],[3.82635,48.06361],[3.8243,48.0429],[3.87183,48.01022],[3.84672,47.99251],[3.87997,47.97917],[3.89343,48.0017],[3.91469,47.97569],[3.89403,47.9293],[4.05594,47.93008],[4.0897,47.94501],[4.10706,47.92981],[4.16633,47.9598],[4.19801,47.94118],[4.21307,47.9619],[4.19281,47.9646],[4.22596,47.97194],[4.22296,47.95206],[4.24272,47.93196],[4.30477,47.92135],[4.30007,47.90109],[4.2463,47.87729],[4.26677,47.86836],[4.2713,47.83878],[4.32688,47.84563],[4.33495,47.77802],[4.32728,47.75341],[4.29364,47.73436],[4.2605,47.7422],[4.2381,47.71986],[4.2809,47.6855],[4.22925,47.67947],[4.24217,47.65304],[4.20871,47.60099],[4.11718,47.50747],[4.11827,47.44456],[4.09863,47.43046],[4.08688,47.44004],[4.06569,47.40415],[4.08831,47.39652],[4.07715,47.37956],[4.106,47.36269],[4.10609,47.33926],[4.0466,47.33988],[4.02877,47.31594],[4.00567,47.31129],[3.97631,47.33105],[3.95491,47.39108],[3.86887,47.37067],[3.86439,47.39722],[3.8934,47.41029],[3.86845,47.43208],[3.82521,47.40547],[3.81794,47.37988],[3.77461,47.4062],[3.7208,47.40101],[3.6775,47.44434],[3.58328,47.46149],[3.57803,47.49236],[3.5135,47.52767],[3.49516,47.55992],[3.48454,47.49296],[3.44684,47.5116],[3.4001,47.50848],[3.34646,47.46969],[3.28855,47.49933],[3.23627,47.48823],[3.20347,47.52347],[3.16519,47.5175],[3.12467,47.53874],[3.10386,47.587],[3.02265,47.55787],[2.96227,47.57679],[2.93923,47.60259],[2.94774,47.64302],[2.92026,47.66789],[2.92675,47.68176],[2.87915,47.7038],[2.88465,47.71389],[2.85183,47.71594],[2.85199,47.75786],[3.02353,47.78633],[3.01331,47.82776],[3.03382,47.84387],[3.00536,47.86405],[3.00723,47.89529],[3.10636,47.94882],[3.12832,47.98015],[3.1031,48.02405],[3.12426,48.03113],[3.05047,48.07233],[3.01667,48.14029],[2.93631,48.16339]]]}},{"type":"Feature","properties":{"code":"90","nom":"Territoire de Belfort"},"geometry":{"type":"Polygon","coordinates":[[[6.82354,47.81305],[6.84308,47.82505],[6.86244,47.78637],[6.93466,47.77159],[7.03742,47.72164],[7.02726,47.70183],[7.04232,47.68581],[7.03919,47.65057],[7.01348,47.64021],[7.00782,47.60021],[7.08627,47.59256],[7.14346,47.52461],[7.13788,47.5106],[7.07928,47.48886],[7.00013,47.49979],[6.98794,47.49478],[6.99752,47.45628],[6.94191,47.43377],[6.90847,47.47281],[6.91635,47.49799],[6.94683,47.48759],[6.94901,47.50733],[6.90758,47.52586],[6.90315,47.54864],[6.8154,47.54878],[6.81035,47.56942],[6.82172,47.57331],[6.77996,47.61352],[6.80032,47.63468],[6.75764,47.74788],[6.82354,47.81305]]]}},{"type":"Feature","properties":{"code":"91","nom":"Essonne"},"geometry":{"type":"Polygon","coordinates":[[[2.22656,48.7761],[2.30384,48.72949],[2.32479,48.75055],[2.36935,48.74606],[2.37071,48.72018],[2.50354,48.73521],[2.53108,48.69979],[2.58196,48.68961],[2.56847,48.66675],[2.53991,48.66427],[2.53646,48.63111],[2.51573,48.62894],[2.54248,48.599],[2.49932,48.54291],[2.51082,48.54312],[2.49736,48.52542],[2.51382,48.50953],[2.5002,48.44053],[2.54692,48.40165],[2.47918,48.39317],[2.48481,48.38345],[2.43774,48.36636],[2.43249,48.33801],[2.39742,48.33371],[2.39079,48.31303],[2.36105,48.30922],[2.32755,48.33297],[2.24516,48.2984],[2.2443,48.3256],[2.20225,48.3446],[2.18242,48.31496],[2.1548,48.31493],[2.16375,48.29843],[2.1106,48.29695],[2.11372,48.30725],[2.03909,48.285],[1.98134,48.28821],[1.96114,48.30478],[1.97924,48.31855],[1.97447,48.34699],[1.98903,48.36358],[1.96561,48.40349],[1.92837,48.40605],[1.94289,48.44109],[1.91575,48.47116],[1.95229,48.52039],[1.97482,48.52686],[1.93685,48.55685],[2.00972,48.55641],[2.0554,48.61219],[2.01135,48.65991],[2.04566,48.68757],[2.09785,48.69403],[2.11033,48.71438],[2.09895,48.73387],[2.22656,48.7761]]]}},{"type":"Feature","properties":{"code":"92","nom":"Hauts-de-Seine"},"geometry":{"type":"Polygon","coordinates":[[[2.29097,48.95097],[2.3321,48.94359],[2.32088,48.90464],[2.22452,48.85654],[2.25514,48.83481],[2.33247,48.81825],[2.30792,48.72935],[2.30245,48.7408],[2.27986,48.73271],[2.26865,48.76068],[2.15447,48.81608],[2.14627,48.83837],[2.17165,48.89747],[2.29097,48.95097]]]}},{"type":"Feature","properties":{"code":"93","nom":"Seine-Saint-Denis"},"geometry":{"type":"Polygon","coordinates":[[[2.55306,49.00982],[2.58099,48.99047],[2.56352,48.98039],[2.60315,48.93048],[2.58703,48.89395],[2.56417,48.88911],[2.5844,48.86546],[2.59565,48.81359],[2.58243,48.81024],[2.48875,48.86055],[2.41931,48.84933],[2.3949,48.89844],[2.32726,48.90107],[2.31796,48.90794],[2.33697,48.93536],[2.28825,48.95835],[2.33297,48.95552],[2.36149,48.97384],[2.45601,48.95577],[2.55306,49.00982]]]}},{"type":"Feature","properties":{"code":"94","nom":"Val-de-Marne"},"geometry":{"type":"Polygon","coordinates":[[[2.3319,48.81701],[2.40247,48.82954],[2.45333,48.81716],[2.46226,48.84254],[2.41734,48.83419],[2.41574,48.84531],[2.49101,48.86081],[2.59024,48.80901],[2.58561,48.77862],[2.61308,48.76579],[2.58753,48.744],[2.59531,48.73652],[2.57,48.70348],[2.58186,48.69744],[2.55036,48.68854],[2.50755,48.73481],[2.37824,48.7208],[2.36291,48.74609],[2.31235,48.75135],[2.3319,48.81701]]]}},{"type":"Feature","properties":{"code":"95","nom":"Val-d'Oise"},"geometry":{"type":"Polygon","coordinates":[[[2.59052,49.07965],[2.57096,49.06056],[2.59447,49.04781],[2.54124,49.02233],[2.54798,49.00304],[2.45949,48.95505],[2.36616,48.97413],[2.33799,48.95998],[2.30156,48.96523],[2.20615,48.91093],[2.20586,48.94974],[2.12071,48.9933],[2.12126,49.01833],[2.01299,49.00156],[1.90852,49.04802],[1.86178,49.01425],[1.85831,49.05991],[1.82859,49.07624],[1.72346,49.04498],[1.67265,49.0786],[1.61558,49.07186],[1.61524,49.08202],[1.65599,49.13039],[1.67223,49.2062],[1.70885,49.2355],[1.73546,49.21595],[1.71555,49.20266],[1.754,49.17508],[1.80258,49.18493],[1.83462,49.16504],[1.99259,49.17636],[2.08816,49.20898],[2.09587,49.19006],[2.14705,49.1881],[2.16204,49.16868],[2.21865,49.18068],[2.23541,49.16703],[2.21656,49.15469],[2.22958,49.15129],[2.32178,49.18443],[2.35383,49.15398],[2.45823,49.14114],[2.49923,49.12227],[2.49985,49.10446],[2.5247,49.10096],[2.55329,49.1246],[2.59052,49.07965]]]}}]}